tripletid,distance_normed_filterbank__dtw_pathlength_OTH,distance_normed_filterbank__dtw_pathlength_TGT,distance_normed_filterbank__dtw_sum_OTH,distance_normed_filterbank__dtw_sum_TGT,distance_normed_mfcc__dtw_pathlength_OTH,distance_normed_mfcc__dtw_pathlength_TGT,distance_normed_mfcc__dtw_sum_OTH,distance_normed_mfcc__dtw_sum_TGT,distance_unnormed_filterbank__dtw_pathlength_OTH,distance_unnormed_filterbank__dtw_pathlength_TGT,distance_unnormed_filterbank__dtw_sum_OTH,distance_unnormed_filterbank__dtw_sum_TGT,distance_unnormed_mfcc__dtw_pathlength_OTH,distance_unnormed_mfcc__dtw_pathlength_TGT,distance_unnormed_mfcc__dtw_sum_OTH,distance_unnormed_mfcc__dtw_sum_TGT,file_TGT,onset_TGT,offset_TGT,file_OTH,onset_OTH,offset_OTH,file_X,onset_X,offset_X,presentation_order,Practice,phoneitem_id_TGT,phone1_TGT,Target phone,phone3_TGT,talker_TGT,sex_TGT,dialect_TGT,phoneitem_id_OTH,phone1_OTH,Other phone,phone3_OTH,talker_OTH,sex_OTH,dialect_OTH,phoneitem_id_X,phone1_X,phone2_X,phone3_X,talker_X,sex_X,dialect_X,Block
t00000050941,7.27486295104842,5.42593309802462,210.971025580404,162.777992940739,5.17067514898743,4.80104980785871,144.778904171648,144.031494235761,26.1952060592567,19.9861408877504,759.660975718445,599.584226632512,16.6120398099066,13.6638009264636,465.137114677384,409.914027793907,TRAIN/DR6/FHXS0/SI2335,2.0689,2.3586,TRAIN/DR6/FHXS0/SX355,2.2036,2.4421,TEST/DR5/MBPM0/SX47,0.115,0.3816,AB,FALSE,i161067,m,aa,m,FHXS0,F,DR6,i161117,m,ae,m,FHXS0,F,DR6,i30731,m,aa,m,MBPM0,M,DR5,B1
t00000105620,5.27165959591093,4.13974129828225,142.334809089595,120.052497650185,4.78344330059598,3.64290745326667,110.019195913708,102.001408691467,19.271546924142,14.7136573820008,520.331766951834,426.696064078023,11.7854112001036,10.7798096198533,318.206102402797,323.394288595599,TRAIN/DR7/MTML0/SX435,1.5925,1.8589,TRAIN/DR7/MTML0/SX75,0.6206,0.8334,TRAIN/DR7/MKDB0/SX62,0.3275,0.5511,AB,FALSE,i145924,k,aa,n,MTML0,M,DR7,i146038,k,ae,n,MTML0,M,DR7,i140961,k,aa,n,MKDB0,M,DR7,B2
t00000105963,7.12915452962007,6.45318465043155,213.874635888602,322.659232521578,4.61910603145728,3.79666643180149,138.573180943718,189.833321590074,27.458244114296,24.0256955421835,823.747323428879,1201.28477710918,14.2181081921245,10.5209515653007,426.543245763734,526.047578265036,TRAIN/DR7/MJFR0/SX435,2.2425,2.7287,TRAIN/DR7/MJFR0/SX75,0.6725,0.9286,TRAIN/DR6/MSAT1/SX353,0.1939,0.4825,AB,FALSE,i137024,k,aa,n,MJFR0,M,DR7,i137166,k,ae,n,MJFR0,M,DR7,i165116,k,aa,n,MSAT1,M,DR6,B3
t00000095760,5.81606925264759,4.92589482239761,145.40173131619,152.702739494326,4.46941962257684,4.53701324128403,111.735490564421,140.647410479805,21.5442930793948,18.2854911995659,538.607326984871,566.850227186542,12.936456516658,10.5163982619688,323.41141291645,326.008346121032,TRAIN/DR2/FJKL0/SI932,2.1825,2.4759,TRAIN/DR2/FJKL0/SX392,0.9347,1.1566,TRAIN/DR4/MLJC0/SX55,0.8789,1.0684,BA,FALSE,i90917,k,aa,m,FJKL0,F,DR2,i90972,k,ae,m,FJKL0,F,DR2,i54456,k,aa,m,MLJC0,M,DR4,B1
t00000075973,4.75231804880481,3.40681444592794,123.560269268925,91.9839900400544,3.96594273655208,3.19545032061063,103.114511150354,86.2771586564871,17.3399883239167,12.4900444376303,450.839696421835,337.231199816019,9.7034760334433,7.9975877981358,252.290376869526,215.934870549667,TRAIN/DR4/MARW0/SI646,1.3325,1.5825,TRAIN/DR4/MARW0/SX286,2.06,2.3089,TEST/DR4/MBNS0/SX50,0.4934,0.7258,BA,FALSE,i56898,r,aa,f,MARW0,M,DR4,i56707,r,ae,f,MARW0,M,DR4,i7672,r,aa,f,MBNS0,M,DR4,B2
t00000000425,5.35441287346282,6.31486556715203,246.30299217929,334.687875059057,3.52902109874633,3.63477710874075,162.334970542331,167.199747002074,19.4965469463897,23.3224943567797,896.841159533926,1236.09220090932,10.6218790909264,12.4357539529514,488.606438182613,572.044681835762,TEST/DR6/FLNH0/SI941,3.7991,4.1225,TEST/DR6/FLNH0/SI584,0.4804,0.7519,TEST/DR1/FDAC1/SX304,1.0802,1.53,BA,FALSE,i40162,t,aa,k,FLNH0,F,DR6,i40196,t,ae,k,FLNH0,F,DR6,i44329,t,aa,k,FDAC1,F,DR1,B3
t00000017157,7.0004330041963,4.03574813317851,147.009093088122,96.8579551962841,4.90045828430801,4.05419273654933,102.909623970468,97.300625677184,26.3183560737667,14.8947106374948,552.685477549101,357.473055299875,13.6793939769038,10.7048702513499,287.26727351498,256.916886032399,TRAIN/DR7/FBLV0/SA1,0.6971,0.9321,TRAIN/DR7/FBLV0/SX338,2.0341,2.2167,TRAIN/DR2/MDWD0/SA1,0.6525,0.8525,AB,FALSE,i136018,d,aa,r,FBLV0,F,DR7,i136059,d,ah,r,FBLV0,F,DR7,i99043,d,aa,r,MDWD0,M,DR2,B1
t00000098530,6.26367288086858,6.01843374802755,225.492223711269,210.645181180964,4.58218712284769,4.76269871330245,160.376549299669,166.694454965586,23.5620030326833,22.5103312020805,848.2321091766,787.861592072818,13.0978439588915,13.9863416211193,458.424538561204,489.521956739174,TEST/DR1/FELC0/SX36,1.0025,1.2896,TEST/DR1/FELC0/SX306,1.2825,1.5324,TRAIN/DR5/FSKP0/SX288,0.7425,1.0757,AB,FALSE,i43806,k,aa,m,FELC0,F,DR1,i44051,k,ah,m,FELC0,F,DR1,i124645,k,aa,m,FSKP0,F,DR5,B2
t00000012734,4.83329377118229,6.07037492512894,183.665163304927,176.040872828739,5.28955315473299,4.95513580130056,201.003019879854,143.698938237716,17.8969998052589,22.5350274687164,680.085992599838,653.515796592777,13.8760313768713,12.4950262402468,527.289192321108,362.355760967158,TRAIN/DR7/MRMG0/SX270,0.3968,0.6434,TRAIN/DR7/MRMG0/SX360,2.48,2.8475,TEST/DR4/FJMG0/SX101,3.4925,3.765,AB,FALSE,i151284,hh,aa,l,MRMG0,M,DR7,i151280,hh,ah,l,MRMG0,M,DR7,i3801,hh,aa,l,FJMG0,F,DR4,B3
t00000007711,5.05018269760156,5.29759690601508,181.806577113656,190.713488616543,4.57379679541735,3.93672608382936,164.656684635024,141.722139017857,18.0572545360713,19.1250609248984,650.061163298568,688.502193296343,11.1086162718448,9.43356301359265,399.910185786414,339.608268489335,TRAIN/DR7/MSAH1/SX419,1.5718,1.7856,TRAIN/DR7/MSAH1/SI2309,1.5369,1.6332,TRAIN/DR2/MTAT1/SX419,2.1436,2.4912,BA,FALSE,i146182,w,aa,tcl,MSAH1,M,DR7,i146153,w,ah,tcl,MSAH1,M,DR7,i96192,w,aa,tcl,MTAT1,M,DR2,B1
t00000051162,6.38459192812242,5.07802081086911,146.845614346816,203.120832434764,6.11237269085238,5.50377308717058,140.584571889605,220.150923486823,24.115420258502,18.9133972473861,554.654665945547,756.535889895443,14.7293748049377,15.1195886259806,353.504995318505,604.783545039225,TRAIN/DR2/MRJT0/SX328,0.8511,1.239,TRAIN/DR2/MRJT0/SI1498,1.3707,1.5931,TRAIN/DR6/FPAD0/SX446,0.1843,0.3672,BA,FALSE,i94988,t,aa,m,MRJT0,M,DR2,i94766,t,ah,m,MRJT0,M,DR2,i157507,t,aa,m,FPAD0,F,DR6,B2
t00000100328,5.41563073160749,5.82048938702877,97.4813531689349,116.409787740575,5.54896347220762,5.44557852930444,99.8813424997372,108.911570586089,19.8620539749626,21.7625545684458,357.516971549326,435.251091368916,16.4164282409223,16.3464905909323,295.495708336601,326.929811818645,TEST/DR3/FCMH0/SA1,2.6141,2.8025,TEST/DR3/FCMH0/SI2084,0.135,0.2675,TRAIN/DR2/MDEM0/SA1,3.0858,3.2625,BA,FALSE,i11118,w,aa,dx,FCMH0,F,DR3,i11036,w,ah,dx,FCMH0,F,DR3,i100768,w,aa,dx,MDEM0,M,DR2,B3
t00000043753,3.60617837613914,3.12730330630483,100.972994531896,84.4371892702305,4.46469779219235,3.54995308773765,116.082142597001,95.8487333689164,13.8833731177044,11.552371721322,388.734447295723,311.914036475694,11.3251764676026,9.2422912707881,317.104941092873,249.541864311279,TRAIN/DR7/MBTH0/SX302,1.4606,1.7169,TRAIN/DR7/MBTH0/SA1,1.4712,1.7188,TRAIN/DR4/MRAB1/SX308,2.4483,2.7,AB,FALSE,i139814,r,aa,s,MBTH0,M,DR7,i139787,r,iy,s,MBTH0,M,DR7,i62304,r,aa,s,MRAB1,M,DR4,B1
t00000049930,5.07162344792581,4.03400387594426,121.718962750219,96.8160930226622,4.95306183875953,4.64403964328876,118.873484130229,111.45695143893,18.8490055416111,14.8257561670744,452.376132998666,355.818148009785,13.9203396430291,10.299021125229,334.088151432697,247.176507005497,TRAIN/DR2/MKAH0/SX88,2.4752,2.63,TRAIN/DR2/MKAH0/SX178,2.6559,2.8632,TEST/DR2/FJWB0/SX95,0.2611,0.4875,AB,FALSE,i104571,w,aa,n,MKAH0,M,DR2,i104488,w,iy,n,MKAH0,M,DR2,i18576,w,aa,n,FJWB0,F,DR2,B2
t00000020635,6.61543341097165,4.85031455041836,178.616702096234,126.108178310877,6.34584474073554,5.48153463774847,164.991963259124,142.51990058146,25.5699786494683,18.3523457395087,690.389423535645,477.160989227227,16.7261043407653,13.0746153522257,451.604817200664,339.939999157869,TRAIN/DR2/FJKL0/SX392,1.4619,1.6846,TRAIN/DR2/FJKL0/SI932,3.4244,3.6681,TEST/DR3/MHPG0/SI1090,2.2325,2.4775,AB,FALSE,i90980,r,aa,s,FJKL0,F,DR2,i90932,r,iy,s,FJKL0,F,DR2,i14087,r,aa,s,MHPG0,M,DR3,B3
t00000054803,5.45525869208318,4.78163516552067,229.120865067494,200.828676951868,4.80216341696264,4.18750578332761,201.690863512431,175.87524289976,20.4103633864404,17.2181015478571,857.235262230496,723.160265009997,12.2372350888847,10.9590490040803,513.963873733158,460.280058171374,TRAIN/DR7/MTLC0/SI847,0.3962,0.6225,TRAIN/DR7/MTLC0/SA2,1.5274,1.7467,TRAIN/DR4/FBAS0/SI2066,4.9025,5.3075,BA,FALSE,i152027,l,aa,r,MTLC0,M,DR7,i152138,l,iy,r,MTLC0,M,DR7,i63739,l,aa,r,FBAS0,F,DR4,B1
t00000056359,5.01233747688183,3.813177809174,105.259087014518,91.516267420176,4.54737932530498,4.53114333420341,95.4949658314047,108.747440020882,18.6907575274985,13.6450339378874,392.505908077469,327.480814509298,13.5348342556026,11.0569454244446,284.231519367655,265.366690186671,TRAIN/DR3/MMEB0/SI1357,3.3775,3.5945,TRAIN/DR3/MMEB0/SA2,1.3473,1.5222,TRAIN/DR3/MDNS0/SI1011,3.2087,3.4084,BA,FALSE,i75946,l,aa,r,MMEB0,M,DR3,i75895,l,iy,r,MMEB0,M,DR3,i68731,l,aa,r,MDNS0,M,DR3,B2
t00000061634,5.33783214763525,4.11536526111537,149.459300133787,119.345592572346,4.63630893411078,3.65906717536988,129.816650155102,106.112948085727,20.3065335750148,15.2617443564724,568.582940100413,442.5905863377,11.149548034932799,9.87524769921811,379.084633187717,286.382183277325,TEST/DR2/FCMR0/SX205,1.8198,2.0966,TEST/DR2/FCMR0/SA2,2.0183,2.2898,TEST/DR4/FSEM0/SX118,1.5175,1.7625,BA,FALSE,i20646,l,aa,r,FCMR0,F,DR2,i20691,l,iy,r,FCMR0,F,DR2,i8202,l,aa,r,FSEM0,F,DR4,B3
t00000016458,7.19534934069369,5.21897758525481,194.27443219873,146.131372387135,3.84716142522229,3.19529667564074,103.873358481002,86.2730102423,27.1753854004267,19.2566641398472,733.735405811521,539.186595915722,11.5711904122406,9.53775376575233,312.422141130497,267.057105441065,TEST/DR3/MWJG0/SA1,0.6475,0.8825,TEST/DR3/MWJG0/SX224,1.1462,1.3211,TRAIN/DR3/MPRD0/SA1,0.7258,0.9925,AB,FALSE,i14589,d,aa,r,MWJG0,M,DR3,i14480,d,uh,r,MWJG0,M,DR3,i69523,d,aa,r,MPRD0,M,DR3,B1
t00000015559,5.4320271927879,3.97872562273597,135.800679819697,147.212848041231,4.44524639428512,3.79609951880827,111.131159857128,140.455682195906,20.6260479501511,14.7464368838759,515.651198753777,545.61816470341,10.9400348885505,10.8400766043764,273.500872213762,401.082834361926,TRAIN/DR5/FSJG0/SA1,1.1093,1.4725,TRAIN/DR5/FSJG0/SI940,0.1369,0.3759,TEST/DR2/MABW0/SA1,0.6118,0.8277,AB,FALSE,i113558,d,aa,r,FSJG0,F,DR5,i113355,d,uh,r,FSJG0,F,DR5,i22765,d,aa,r,MABW0,M,DR2,B2
t00000015731,5.21938287416781,4.46512584208588,130.484571854195,165.209656157178,4.76470028326952,4.57253980933693,119.117507081738,169.183972945466,19.2957611435945,16.4462396756951,482.394028589863,608.510868000718,10.5909332540881,12.1111139961314,264.773331352203,448.111217856863,TRAIN/DR5/FSJG0/SA1,1.1093,1.4725,TRAIN/DR5/FSJG0/SI940,0.1369,0.3759,TRAIN/DR7/MJJM0/SA1,0.5125,0.69,AB,FALSE,i113558,d,aa,r,FSJG0,F,DR5,i113355,d,uh,r,FSJG0,F,DR5,i153735,d,aa,r,MJJM0,M,DR7,B3
t00000100193,5.15632027088387,4.63110900335161,108.282725688561,106.515507077087,5.69197020016329,5.10136135458628,119.531374203429,117.331311155484,18.8040519036053,16.4586345561276,394.885089975711,378.548594790935,16.2152886142991,13.6017972681414,340.521060900281,312.841337167253,TEST/DR2/MRCZ0/SA1,2.355,2.5675,TEST/DR2/MRCZ0/SI2171,0.77,0.8975,TRAIN/DR3/FLJD0/SA1,2.055,2.2575,BA,FALSE,i17177,w,aa,dx,MRCZ0,M,DR2,i17269,w,uh,dx,MRCZ0,M,DR2,i89668,w,aa,dx,FLJD0,F,DR3,B1
t00000015535,7.39839604147073,4.03389401477646,214.553485202651,149.254078546729,5.82477244932407,4.32049017394155,168.918401030398,159.858136435837,27.5798275617392,14.8879213207927,799.814999290436,550.853088869329,13.2933526684892,9.43749696022566,412.093932723167,358.624884488575,TRAIN/DR5/FSJG0/SA1,1.1093,1.4725,TRAIN/DR5/FSJG0/SI940,0.1369,0.3759,TRAIN/DR1/FSJK1/SA1,0.6527,0.9295,BA,FALSE,i113558,d,aa,r,FSJG0,F,DR5,i113355,d,uh,r,FSJG0,F,DR5,i172703,d,aa,r,FSJK1,F,DR1,B2
t00000016526,5.19991714613091,3.06358759352548,93.5985086303563,73.5261022446116,4.22180824177169,3.16751110402575,75.9925483518905,76.0202664966179,20.1120627560134,11.5951186810291,362.017129608241,278.282848344699,12.248260422451,8.48916102288578,220.468687604118,203.739864549259,TEST/DR3/MWJG0/SA1,0.6475,0.8825,TEST/DR3/MWJG0/SX224,1.1462,1.3211,TRAIN/DR7/MSAH1/SA1,0.6175,0.7792,BA,FALSE,i14589,d,aa,r,MWJG0,M,DR3,i14480,d,uh,r,MWJG0,M,DR3,i146311,d,aa,r,MSAH1,M,DR7,B3
t00000017958,4.70151447775157,4.11241308221757,211.568151498821,106.922740137657,4.37127606642544,4.57712855057601,196.707422989145,119.005342314976,20.2140071441621,14.9379161401987,909.630321487295,388.385819645167,12.3293522693347,11.3656940357547,554.820852120063,295.508044929621,TRAIN/DR2/MRFK0/SA1,0.5525,0.8041,TRAIN/DR2/MRFK0/SI2336,1.0075,1.4517,TRAIN/DR2/FMMH0/SA1,0.8459,1.0704,AB,FALSE,i110901,d,aa,r,MRFK0,M,DR2,i110840,d,uw,r,MRFK0,M,DR2,i93036,d,aa,r,FMMH0,F,DR2,B1
t00000017994,8.12864727082258,6.71956557578913,365.789127187016,181.428270546307,4.98915611007714,4.87337369828393,224.512024953471,126.707716155382,30.2502716136667,25.2315500635078,1361.262222615,656.020301651203,16.1841895433448,14.8416368781972,728.288529450518,385.882558833127,TRAIN/DR2/MRFK0/SA1,0.5525,0.8041,TRAIN/DR2/MRFK0/SI2336,1.0075,1.4517,TRAIN/DR2/FSKL0/SA1,0.5509,0.7519,AB,FALSE,i110901,d,aa,r,MRFK0,M,DR2,i110840,d,uw,r,MRFK0,M,DR2,i97517,d,aa,r,FSKL0,F,DR2,B2
t00000018167,5.11590319808279,4.46600119455842,230.215643913726,116.116031058519,4.4103954195535104,4.08342450984897,198.467793879908,106.169037256073,19.7731738527706,16.690157568702,889.792823374678,450.634254354955,12.4991492489494,10.6476000317803,562.461716202721,298.132800889848,TRAIN/DR2/MRFK0/SA1,0.5525,0.8041,TRAIN/DR2/MRFK0/SI2336,1.0075,1.4517,TRAIN/DR4/MJDC0/SA1,0.6606,0.9008,AB,FALSE,i110901,d,aa,r,MRFK0,M,DR2,i110840,d,uw,r,MRFK0,M,DR2,i59215,d,aa,r,MJDC0,M,DR4,B3
t00000017936,5.50530853140256,3.91330795641292,247.738883913115,117.399238692388,4.48010170461265,4.20979612580626,201.604576707569,117.874291522575,20.8859872301313,14.7148298878993,939.86942535591,441.444896636979,11.9114217883662,9.41303664228439,536.013980476479,282.391099268532,TRAIN/DR2/MRFK0/SA1,0.5525,0.8041,TRAIN/DR2/MRFK0/SI2336,1.0075,1.4517,TRAIN/DR5/FLJA0/SA1,1.2755,1.5324,BA,FALSE,i110901,d,aa,r,MRFK0,M,DR2,i110840,d,uw,r,MRFK0,M,DR2,i123397,d,aa,r,FLJA0,F,DR5,B1
t00000018118,5.22248091170586,4.8840426773253,240.23412193847,146.521280319759,4.39131409862498,3.49517318397945,197.609134438124,101.360022335404,20.5765468067344,17.8231132474535,925.94460630305,552.51651067106,12.100233368196,10.2694763099515,544.510501568819,297.814812988594,TRAIN/DR2/MRFK0/SA1,0.5525,0.8041,TRAIN/DR2/MRFK0/SI2336,1.0075,1.4517,TRAIN/DR2/MEFG0/SA1,0.6971,0.9321,BA,FALSE,i110901,d,aa,r,MRFK0,M,DR2,i110840,d,uw,r,MRFK0,M,DR2,i92714,d,aa,r,MEFG0,M,DR2,B2
t00000018285,5.82967646964383,4.43470715406227,262.335441133972,119.737093159681,4.3966057732331,3.12488431765666,197.847259795489,87.4967608943866,21.9254332227811,16.3770007520708,986.644495025151,442.179020305912,11.7837207947506,8.678579027919,530.267435763779,243.000212781732,TRAIN/DR2/MRFK0/SA1,0.5525,0.8041,TRAIN/DR2/MRFK0/SI2336,1.0075,1.4517,TEST/DR7/MNLS0/SA1,0.6275,0.8475,BA,FALSE,i110901,d,aa,r,MRFK0,M,DR2,i110840,d,uw,r,MRFK0,M,DR2,i37946,d,aa,r,MNLS0,M,DR7,B3
t00000086662,5.28970329774822,3.39470130823308,201.008725314432,135.788052329323,3.88605348821012,3.12944422000472,143.783979063774,115.789436140175,19.7535390142459,12.7588604100869,750.634482541344,510.354416403475,11.5217997029146,7.9675250335256,437.828388710753,318.701001341024,TRAIN/DR3/FGCS0/SA2,2.5143,2.8356,TRAIN/DR3/FGCS0/SX136,1.0074,1.2238,TRAIN/DR8/FNKL0/SA2,1.4987,1.859,AB,FALSE,i79096,r,ae,g,FGCS0,F,DR3,i78954,r,aa,g,FGCS0,F,DR3,i177272,r,ae,g,FNKL0,F,DR8,B1
t00000102551,5.56705078211516,4.33876160372415,167.011523463455,134.501609715449,3.70618616858814,2.89719095345872,107.479398889056,89.8129195572203,20.3216337169498,16.3295046453985,609.649011508495,506.214644007353,10.174617291486,7.76620794286507,295.063901453093,240.752446228817,TRAIN/DR6/FKLC1/SA2,0.7925,1.0939,TRAIN/DR6/FKLC1/SX328,1.6866,1.8929,TRAIN/DR6/FRJB0/SA2,0.78,1.0626,AB,FALSE,i166085,k,ae,r,FKLC1,F,DR6,i166180,k,aa,r,FKLC1,F,DR6,i164360,k,ae,r,FRJB0,F,DR6,B2
t00000102457,4.45769515918929,4.43449597185903,196.138587004329,168.510846930643,4.8599949664685,3.5087638456368,213.839778524614,133.333026134198,16.491783544185,16.2569823016138,725.638475944139,617.765327461326,13.1094061861003,9.11569784867873,576.813872188415,346.396518249792,TRAIN/DR6/FHXS0/SA2,0.8175,1.1932,TRAIN/DR6/FHXS0/SI1075,2.6834,3.105,TRAIN/DR1/FSMA0/SA2,0.8575,1.1694,AB,FALSE,i161180,k,ae,r,FHXS0,F,DR6,i161023,k,aa,r,FHXS0,F,DR6,i174735,k,ae,r,FSMA0,F,DR1,B3
t00000095506,4.21011112680012,3.0536624234326,155.774111691604,131.307484207602,4.22257533769925,3.87179214224578,156.235287494872,162.615269974323,15.5524369912054,11.0926241035554,575.4401686746,476.982836452882,12.6347641510572,8.75752225422777,467.486273589118,367.815934677566,TRAIN/DR4/MSFH0/SA2,2.3159,2.7325,TRAIN/DR4/MSFH0/SX136,1.0679,1.3025,TEST/DR4/MKCL0/SA2,1.6318,1.9875,BA,FALSE,i64557,r,ae,g,MSFH0,M,DR4,i64411,r,aa,g,MSFH0,M,DR4,i3345,r,ae,g,MKCL0,M,DR4,B1
t00000091237,5.44408087427087,3.82097200934361,179.654668850939,168.122768411119,4.36207338031957,4.03787900769005,143.948421550546,169.590918322982,19.5661870428753,13.8563896078611,645.684172414884,595.824753138028,13.3820512000451,10.1480649985802,441.607689601488,436.366794938947,TRAIN/DR2/MMAG0/SA2,1.5822,1.9895,TRAIN/DR2/MMAG0/SX136,1.0075,1.2325,TRAIN/DR4/FPAF0/SA2,1.6073,1.9256,BA,FALSE,i109725,r,ae,g,MMAG0,M,DR2,i109578,r,aa,g,MMAG0,M,DR2,i65663,r,ae,g,FPAF0,F,DR4,B2
t00000105479,4.46745586946154,6.11284173038527,142.958587822769,201.723777102714,3.88540436271528,3.32895360952329,116.562130881458,103.197561895222,16.7980221763753,22.8119683059289,537.53670964401,752.794954095655,12.0408167735318,11.365829802959,421.428587073612,363.706553694688,TRAIN/DR7/MTML0/SX75,0.6206,0.8334,TRAIN/DR7/MTML0/SX435,1.5925,1.8589,TRAIN/DR6/MTJU0/SI760,0.4475,0.721,BA,FALSE,i146038,k,ae,n,MTML0,M,DR7,i145924,k,aa,n,MTML0,M,DR7,i156382,k,ae,n,MTJU0,M,DR6,B3
t00000089910,5.06440642789742,4.1627570405591,146.867786409025,166.510281622364,4.32963900177682,3.87165248152503,121.229892049751,154.866099261001,18.0364164220017,15.101965767838,523.056076238048,604.07863071352,12.5409088355145,12.2137812120934,351.145447394405,488.551248483737,TEST/DR8/MSLB0/SA2,1.5561,1.9475,TEST/DR8/MSLB0/SX383,2.1625,2.4337,TRAIN/DR2/MHRM0/SA2,1.4313,1.6894,AB,FALSE,i47796,r,ae,g,MSLB0,M,DR8,i47688,r,ah,g,MSLB0,M,DR8,i94235,r,ae,g,MHRM0,M,DR2,B1
t00000092931,4.31169441056396,3.81409205230222,215.584720528198,183.076418510507,4.27535340735433,3.86187375074596,205.216963553008,181.50806628506,15.2020097525515,13.4948938186743,775.302497380128,647.754903296366,10.5523304734945,10.9152516491228,506.511862727736,513.016827508771,TEST/DR1/MWBT0/SA2,1.6919,2.1152,TEST/DR1/MWBT0/SX383,3.1302,3.5475,TRAIN/DR5/MMAB1/SA2,1.6475,2.0651,AB,FALSE,i43355,r,ae,g,MWBT0,M,DR1,i43317,r,ah,g,MWBT0,M,DR1,i119384,r,ae,g,MMAB1,M,DR5,B2
t00000082910,4.51672436341797,4.15903329923425,185.185698900137,170.520365268604,3.7781980039499,3.46359259561843,154.906118161946,142.007296420355,17.0571417421037,16.0760963592616,699.342811426252,659.119950729726,11.4614921411482,10.0623358600346,469.921177787074,432.680441981489,TRAIN/DR8/FCEG0/SA2,1.5012,1.7803,TRAIN/DR8/FCEG0/SX78,1.0213,1.1904,TEST/DR2/FCMR0/SA2,2.1619,2.5613,AB,FALSE,i178923,r,ae,g,FCEG0,F,DR8,i178846,r,ah,g,FCEG0,F,DR8,i20693,r,ae,g,FCMR0,F,DR2,B3
t00000082998,4.32265465311732,3.57875380300226,129.67963959352,110.94136789307,3.50583232372997,3.43992977415237,101.669137388169,103.197893224571,16.1844075750096,13.3803010293957,485.532227250288,414.789331911266,10.5227980265532,9.50501400412951,315.683940796596,294.655434128015,TRAIN/DR8/FCEG0/SA2,1.5012,1.7803,TRAIN/DR8/FCEG0/SX78,1.0213,1.1904,TRAIN/DR8/FMBG0/SA2,1.6553,1.9425,BA,FALSE,i178923,r,ae,g,FCEG0,F,DR8,i178846,r,ah,g,FCEG0,F,DR8,i179231,r,ae,g,FMBG0,F,DR8,B1
t00000086372,4.15197522495422,4.31072905899415,174.382959448077,224.157911067696,4.28485182722036,3.49444313124759,175.678924916035,178.216599693627,15.119802439195,15.1511239388308,635.03170244619,787.858444819202,11.1337880813972,9.57350036182521,467.619099418683,488.248518453086,TRAIN/DR2/MJDE0/SA2,2.1825,2.6775,TRAIN/DR2/MJDE0/SI463,1.4025,1.8,TRAIN/DR2/MKDT0/SA2,1.5378,1.8788,BA,FALSE,i94539,r,ae,g,MJDE0,M,DR2,i94406,r,ah,g,MJDE0,M,DR2,i91672,r,ae,g,MKDT0,M,DR2,B2
t00000085583,4.26646002846348,3.74701155262342,162.125481081612,142.38643899969,4.20457512803408,4.53248333622312,159.773854865295,172.234366776478,16.0818172944008,13.9794727774127,611.109057187229,531.219965541683,12.0644034555487,11.6155287803287,458.44733131085,441.390093652489,TRAIN/DR3/MKLS1/SA2,1.6841,2.0469,TRAIN/DR3/MKLS1/SI915,3.8324,4.2038,TRAIN/DR3/FDFB0/SA2,1.4203,1.7486,BA,FALSE,i90614,r,ae,g,MKLS1,M,DR3,i90796,r,ah,g,MKLS1,M,DR3,i80514,r,ae,g,FDFB0,F,DR3,B3
t00000106709,6.60221059541463,3.68295243190948,231.077370839512,132.586287548741,4.27248161089629,3.45788942041489,149.53685638137,121.026129714521,25.444754307793,13.1966673750279,890.566400772754,488.276692876032,13.9010671162587,10.1148013556164,486.537349069056,354.018047446572,TEST/DR7/FGWR0/SI2208,2.0138,2.2481,TEST/DR7/FGWR0/SX228,1.7363,1.8794,TRAIN/DR5/FLMK0/SA2,2.5712,2.9075,AB,FALSE,i33291,dh,ae,q,FGWR0,F,DR7,i33474,dh,iy,q,FGWR0,F,DR7,i118785,dh,ae,q,FLMK0,F,DR5,B1
t00000051357,4.56281152495801,2.71908568257959,164.261214898488,89.7298275251264,4.22964127563639,2.85416954139855,135.348520820364,97.0417644075508,17.7727215453835,10.142953973047801,639.817975633805,334.717481110577,10.9167480577406,7.63535843886242,393.002930078662,251.96682848246,TRAIN/DR5/MBGT0/SA2,0.3725,0.6869,TRAIN/DR5/MBGT0/SI1841,3.0417,3.2769,TRAIN/DR4/MJPM1/SA2,0.4225,0.7219,AB,FALSE,i131652,nx,ae,s,MBGT0,M,DR5,i131533,nx,iy,s,MBGT0,M,DR5,i56303,nx,ae,s,MJPM1,M,DR4,B2
t00000093723,3.61168514769431,3.19554397506461,119.185609873912,118.235127077391,3.85818508609796,3.17068487427688,127.320107841233,117.315340348244,13.7284662243246,11.8021301310743,453.039385402713,436.67881484975,10.5766625969479,8.4045615806196,349.02986569928,310.968778482925,TRAIN/DR5/MTAT0/SA2,1.4308,1.765,TRAIN/DR5/MTAT0/SI811,0.8975,1.1122,TRAIN/DR3/FSKC0/SA2,1.8058,2.1256,AB,FALSE,i116140,r,ae,g,MTAT0,M,DR5,i116152,r,iy,g,MTAT0,M,DR5,i85857,r,ae,g,FSKC0,F,DR3,B3
t00000011609,5.29552363071161,3.56054963048451,222.411992489888,163.785283002288,4.51754454717574,3.24313198367283,189.736870981381,136.211543314259,19.7124800786336,13.1222565392386,827.92416330261,603.623800804977,14.4709162362133,8.36744044603862,607.778481920959,376.534820071738,TRAIN/DR4/MJDC0/SA2,1.7963,2.1514,TRAIN/DR4/MJDC0/SI1161,0.2475,0.4308,TRAIN/DR2/MRJH0/SA2,2.0174,2.4288,BA,FALSE,i59207,dh,ae,tcl,MJDC0,M,DR4,i59100,dh,iy,tcl,MJDC0,M,DR4,i100371,dh,ae,tcl,MRJH0,M,DR2,B1
t00000076985,5.19701043535362,3.66827300594018,187.09237567273,99.0433711603849,4.34722082739346,3.45743583115026,147.805508131378,93.3507674410571,20.0894597199245,13.9246150217778,723.220549917283,375.964605588,13.2097738061244,9.21084202537866,475.551857020478,257.903576710602,TEST/DR4/MTEB0/SA2,0.295,0.5544,TEST/DR4/MTEB0/SX413,0.445,0.7662,TRAIN/DR5/MGES0/SA2,0.2321,0.4593,BA,FALSE,i3932,n,ae,s,MTEB0,M,DR4,i4038,n,iy,s,MTEB0,M,DR4,i116410,n,ae,s,MGES0,M,DR5,B2
t00000011342,5.55495718310411,4.44885848432965,116.654100845186,160.158905435867,5.53231450667618,4.92059453749732,116.1786046402,177.141403349904,20.6503627630969,16.0992649438365,433.657618025035,579.573537978114,18.1256772449687,12.8631786609281,380.639222144342,463.074431793411,TRAIN/DR4/MJDC0/SA2,1.7963,2.1514,TRAIN/DR4/MJDC0/SI1161,0.2475,0.4308,TRAIN/DR7/FREH0/SX325,1.3354,1.5411,BA,FALSE,i59207,dh,ae,tcl,MJDC0,M,DR4,i59100,dh,iy,tcl,MJDC0,M,DR4,i142821,dh,ae,tcl,FREH0,F,DR7,B3
t00000074840,5.01759253770184,4.52447163263251,110.38703582944,104.062847550548,5.31919584163038,4.57207939341206,111.703112674238,105.157826048477,18.5572350709907,16.872956483419,408.259171561796,388.077999118637,14.4188815741168,11.7552789506907,302.796513056453,270.371415865886,TRAIN/DR5/MWSH0/SA1,0.3472,0.5681,TRAIN/DR5/MWSH0/SI2266,0.7232,0.9243,TEST/DR2/FJRE0/SA1,0.2976,0.5041,AB,FALSE,i126711,hv,ae,dcl,MWSH0,M,DR5,i126664,hv,uh,dcl,MWSH0,M,DR5,i24198,hv,ae,dcl,FJRE0,F,DR2,B1
t00000076117,4.98736246256208,4.67339958052682,224.431310815293,186.935983221073,4.95009556065449,3.88810907816688,193.053726865525,132.195708657674,18.3523554193637,17.6270143711936,825.855993871365,705.080574847744,13.0314260638369,10.0080743473659,521.257042553476,360.290676505172,TRAIN/DR2/MCTM0/SX450,2.7356,3.0725,TRAIN/DR2/MCTM0/SI1980,3.6629,4.0415,TRAIN/DR6/FLAG0/SX294,1.0809,1.4138,AB,FALSE,i112217,r,ae,f,MCTM0,M,DR2,i112277,r,uh,f,MCTM0,M,DR2,i158168,r,ae,f,FLAG0,F,DR6,B2
t00000075016,3.98426227137206,3.43626761236652,123.512130412534,158.06831016886,3.85301808164408,3.42509091087153,119.443560530966,154.129090989219,15.2093772412135,13.0288242796398,471.49069447762,586.29709258379,9.82890728877837,10.2610948258608,304.69612595213,461.749267163737,TRAIN/DR5/MWSH0/SI2266,0.9243,1.36,TRAIN/DR5/MWSH0/SI2266,0.7232,0.9243,TEST/DR5/MDRB0/SI2109,1.6371,1.9375,AB,FALSE,i126667,hv,ae,dcl,MWSH0,M,DR5,i126664,hv,uh,dcl,MWSH0,M,DR5,i24593,hv,ae,dcl,MDRB0,M,DR5,B3
t00000074991,4.35022388514019,4.47104910676157,121.806268783925,129.660424096085,4.65311922150898,3.86477695818127,130.287338202251,108.213754829076,16.2108070286535,16.2688751919566,453.902596802298,471.797380566741,10.5315529353634,11.5748605808027,294.883482190175,324.096096262474,TRAIN/DR5/MWSH0/SA1,0.3472,0.5681,TRAIN/DR5/MWSH0/SI2266,0.7232,0.9243,TEST/DR2/MDBB0/SA1,0.42,0.6866,BA,FALSE,i126711,hv,ae,dcl,MWSH0,M,DR5,i126664,hv,uh,dcl,MWSH0,M,DR5,i22448,hv,ae,dcl,MDBB0,M,DR2,B1
t00000075034,3.65923148031777,4.66771456027945,95.140018488262,121.360578567266,3.42774955879962,3.46078136972989,89.12148852879,89.9803156129772,13.6805548501448,17.1959179863675,355.694426103765,447.093867645555,8.75520353564883,9.10615955165871,227.63529192687,236.760148343127,TRAIN/DR5/MWSH0/SA1,0.3472,0.5681,TRAIN/DR5/MWSH0/SI2266,0.7232,0.9243,TEST/DR5/MFGK0/SA1,0.4075,0.6579,BA,FALSE,i126711,hv,ae,dcl,MWSH0,M,DR5,i126664,hv,uh,dcl,MWSH0,M,DR5,i29041,hv,ae,dcl,MFGK0,M,DR5,B2
t00000074962,3.70504473080378,4.13870399076378,88.9210735392907,103.467599769094,3.66994756071934,3.29158330930113,88.0787414572641,78.9979994232272,13.8345311479196,14.6983407349108,332.028747550071,382.156859107681,10.0381648129681,8.29419156199624,240.915955511233,207.354789049906,TRAIN/DR5/MWSH0/SA1,0.3472,0.5681,TRAIN/DR5/MWSH0/SI2266,0.7232,0.9243,TRAIN/DR7/MBOM0/SA1,0.3358,0.57,BA,FALSE,i126711,hv,ae,dcl,MWSH0,M,DR5,i126664,hv,uh,dcl,MWSH0,M,DR5,i148558,hv,ae,dcl,MBOM0,M,DR7,B3
t00000089319,5.25430491904064,4.8547428051207,220.680806599707,203.89919781507,5.56172171467703,4.78397101463885,189.098538299019,200.926782614832,20.0860206809822,18.3582443485876,843.612868601253,771.046262640677,12.6841155036471,12.0435086780113,545.416966656825,541.957890510508,TRAIN/DR1/FKFB0/SA2,1.9282,2.3363,TRAIN/DR1/FKFB0/SX438,4.0895,4.3806,TRAIN/DR7/MBML0/SA2,1.6025,1.9347,AB,FALSE,i167472,r,ae,g,FKFB0,F,DR1,i167505,r,uw,g,FKFB0,F,DR1,i152943,r,ae,g,MBML0,M,DR7,B1
t00000104098,7.06459886228201,5.62117447384796,360.294541976383,241.710502375462,4.52904467454545,3.93719566753209,230.981278401818,169.29941370388,25.6661323343513,20.3100629636844,1308.97274905192,873.33270743843,13.0037143811447,12.1756569115283,663.189433438378,523.553247195718,TEST/DR3/MLNT0/SX102,0.5925,1.0052,TEST/DR3/MLNT0/SI642,0.8041,1.3028,TEST/DR5/MBPM0/SI1584,2.1713,2.4101,AB,FALSE,i16357,t,ae,s,MLNT0,M,DR3,i16400,t,uw,s,MLNT0,M,DR3,i30835,t,ae,s,MBPM0,M,DR5,B2
t00000089322,3.93143408698744,3.59718710736054,153.32592939251,161.873419831224,3.78660399495198,3.91674735345198,140.104347813223,164.503388844983,14.8673512526898,13.3416996001915,564.959347602212,600.376482008618,11.4194162772698,9.97401507925779,422.518402258984,448.830678566601,TRAIN/DR1/FKFB0/SA2,1.9282,2.3363,TRAIN/DR1/FKFB0/SX438,4.0895,4.3806,TRAIN/DR7/MBTH0/SA2,1.6325,1.9641,AB,FALSE,i167472,r,ae,g,FKFB0,F,DR1,i167505,r,uw,g,FKFB0,F,DR1,i139749,r,ae,g,MBTH0,M,DR7,B3
t00000089334,4.77665806536757,4.39710285580272,181.513006483968,184.678319943714,4.64159835866297,4.06217630876365,157.814344194541,170.611404968073,17.5867690771848,15.6963738773769,668.297224933023,659.247702849829,13.3509603100445,11.1339078650667,467.283610851559,467.624130332802,TRAIN/DR1/FKFB0/SA2,1.9282,2.3363,TRAIN/DR1/FKFB0/SX438,4.0895,4.3806,TRAIN/DR1/MCPM0/SA2,1.4201,1.7519,BA,FALSE,i167472,r,ae,g,FKFB0,F,DR1,i167505,r,uw,g,FKFB0,F,DR1,i176392,r,ae,g,MCPM0,M,DR1,B1
t00000089383,5.9213291537754,5.05071222157309,266.459811919893,222.231337749216,5.27792977523934,4.84845713950198,211.117191009574,203.635199859083,22.3538723113511,18.9759123330808,1005.9242540108,834.940142655555,15.8100112148443,12.5099803295395,632.400448593773,550.439134499736,TRAIN/DR1/FKFB0/SA2,1.9282,2.3363,TRAIN/DR1/FKFB0/SX438,4.0895,4.3806,TRAIN/DR3/MDWM0/SA2,1.718,2.0987,BA,FALSE,i167472,r,ae,g,FKFB0,F,DR1,i167505,r,uw,g,FKFB0,F,DR1,i75220,r,ae,g,MDWM0,M,DR3,B2
t00000089519,5.36522656753598,4.66159380291499,219.974289268975,195.78693972243,4.77891762332816,4.04837232340545,157.704281569829,170.031637583029,20.3290950700471,17.7559521059215,833.492897871933,745.749988448701,14.4245389925219,11.4259797385231,504.858864738266,479.89114901797,TRAIN/DR1/FKFB0/SA2,1.9282,2.3363,TRAIN/DR1/FKFB0/SX438,4.0895,4.3806,TRAIN/DR2/MRAB0/SA2,1.4178,1.7415,BA,FALSE,i167472,r,ae,g,FKFB0,F,DR1,i167505,r,uw,g,FKFB0,F,DR1,i106936,r,ae,g,MRAB0,M,DR2,B3
t00000099273,5.73197639883342,6.49774441664459,149.031386369669,149.448121582826,4.5838565090061,4.47490479890869,119.180269234159,102.9228103749,21.3515436661391,24.4659227398511,555.140135319617,562.716223016576,12.1383802651012,10.6576417331984,315.597886892632,287.756326796356,TRAIN/DR6/FRJB0/SX167,2.0174,2.2437,TRAIN/DR6/FRJB0/SI1470,0.4308,0.6806,TEST/DR4/MKCL0/SI1721,0.145,0.3075,AB,FALSE,i164323,k,ah,m,FRJB0,F,DR6,i164186,k,aa,m,FRJB0,F,DR6,i3438,k,ah,m,MKCL0,M,DR4,B1
t00000097686,3.78104179503989,4.10476600446244,98.3070866710371,114.933448124948,3.52805884577557,3.08984469327168,91.7295299901648,80.3359620250636,13.6731377138767,15.3526465718326,369.174718274672,429.874104011311,9.53826434966793,8.37516587078295,247.994873091366,234.504644381923,TEST/DR6/MRJS0/SI2074,0.2525,0.4475,TEST/DR6/MRJS0/SX94,0.8775,1.1151,TRAIN/DR4/MSTF0/SX136,1.3625,1.6119,AB,FALSE,i39868,k,ah,m,MRJS0,M,DR6,i39801,k,aa,m,MRJS0,M,DR6,i60574,k,ah,m,MSTF0,M,DR4,B2
t00000103680,4.62045016425469,5.35729618108631,129.372604599131,107.145923621726,4.72394849671501,4.0573771793192,132.27055790802,81.1475435863839,16.4281342731062,20.0764620259101,459.987759646975,401.529240518202,10.6285839426754,9.73538719744318,297.60035039491,194.707743948864,TRAIN/DR5/MSEM1/SX90,1.6051,1.8025,TRAIN/DR5/MSEM1/SX180,0.9325,1.201,TRAIN/DR7/MTPR0/SX340,1.7981,1.9622,AB,FALSE,i115399,k,ah,l,MSEM1,M,DR5,i115412,k,aa,l,MSEM1,M,DR5,i152361,k,ah,l,MTPR0,M,DR7,B3
t00000098246,4.65061398479781,5.25310546481641,116.265349619945,131.32763662041,3.85755445981135,4.34299622433619,96.4388614952838,108.574905608405,16.5773870985313,19.7841617209091,431.012064561814,494.604043022727,10.804881355083,11.2622664102367,270.122033877076,281.556660255918,TEST/DR8/MJTH0/SX306,1.2725,1.4969,TEST/DR8/MJTH0/SX36,0.8275,1.0704,TEST/DR8/MDAW1/SI1453,2.2325,2.4675,BA,FALSE,i48103,k,ah,m,MJTH0,M,DR8,i47946,k,aa,m,MJTH0,M,DR8,i47527,k,ah,m,MDAW1,M,DR8,B1
t00000096875,3.91854558946505,5.10472613718196,113.637822094486,163.351236389823,4.09904717819999,3.76397858304006,98.3771322767998,116.683336074242,14.0885234850355,18.2407122963343,422.655704551064,620.184218075366,10.3955149083548,10.5849810810908,270.283387617226,338.719394594904,TRAIN/DR4/MMDM0/SX141,2.2125,2.5125,TRAIN/DR4/MMDM0/SX51,1.8275,2.0625,TEST/DR8/MJTH0/SX306,1.2725,1.4969,BA,FALSE,i48890,k,ah,m,MMDM0,M,DR4,i48847,k,aa,m,MMDM0,M,DR4,i48103,k,ah,m,MJTH0,M,DR8,B2
t00000074657,4.60120861661442,3.8995007461015,151.839884348276,46.794008953218,3.06631932463564,3.45222398886163,98.1222183883406,41.4266878663396,16.9851382550907,13.9525654066932,560.509562417995,167.430784880319,9.82287702875818,9.89925874835062,314.332064920262,118.791104980207,TRAIN/DR1/MWAR0/SI1045,3.36,3.4722,TRAIN/DR1/MWAR0/SI1675,0.2,0.5136,TRAIN/DR4/MSMC0/SI509,1.8525,1.9475,BA,FALSE,i169965,b,ah,dx,MWAR0,M,DR1,i169695,b,aa,dx,MWAR0,M,DR1,i68611,b,ah,dx,MSMC0,M,DR4,B3
t00000001209,5.29798745502435,5.01723191137999,174.833586015803,130.44802969588,3.74056800203806,4.75291509951046,108.476472059104,123.575792587272,18.8057903802797,18.3934262522677,620.591082549229,478.229082558959,11.493120720562,11.2653676738377,333.300500896297,292.89955951978,TRAIN/DR3/FALK0/SI1086,1.6825,1.9325,TRAIN/DR3/FALK0/SX96,0.1225,0.3968,TEST/DR8/MSLB0/SX113,0.1514,0.389,AB,FALSE,i74192,m,ah,s,FALK0,F,DR3,i74025,m,ae,s,FALK0,F,DR3,i47832,m,ah,s,MSLB0,M,DR8,B1
t00000094110,4.15092390779387,4.34804143443414,182.64065194293,186.965781680668,4.59882044437976,4.54263009323959,197.749279108329,195.333094009303,15.0359222803054,15.8330158197822,661.58058033344,680.819680250636,11.6116588047974,12.3508020654994,510.912987411087,531.084488816474,TRAIN/DR1/FKFB0/SX78,1.2644,1.48,TRAIN/DR1/FKFB0/SA2,1.9282,2.3363,TEST/DR1/MWBT0/SX383,3.1302,3.5475,AB,FALSE,i167354,r,ah,g,FKFB0,F,DR1,i167472,r,ae,g,FKFB0,F,DR1,i43317,r,ah,g,MWBT0,M,DR1,B2
t00000014382,4.35060792977037,4.40059498673222,174.024317190815,145.219634562163,4.04014000012885,3.79423538327428,133.324620004252,125.209767648051,15.850583886555,15.8249474966101,634.023355462198,522.223267388134,11.8934993374977,9.98076352489664,392.485478137424,329.365196321589,TRAIN/DR7/MRMH0/SI1349,0.7415,0.9725,TRAIN/DR7/MRMH0/SI2281,0.1567,0.4336,TEST/DR4/MLLL0/SI1363,1.7775,2.1044,AB,FALSE,i138195,s,ah,m,MRMH0,M,DR7,i138162,s,ae,m,MRMH0,M,DR7,i2724,s,ah,m,MLLL0,M,DR4,B3
t00000094164,6.70823780048145,6.71653864425921,254.913036418295,261.945007126109,4.63186101481875,4.62916182900555,176.010718563112,180.537311331216,25.3606940175022,24.8977692998404,963.706372665083,971.013002693775,12.5333038175445,12.2637547235025,476.265545066692,478.286434216597,TEST/DR3/MCTW0/SX383,2.5763,2.9625,TEST/DR3/MCTW0/SA2,1.4621,1.8281,TRAIN/DR3/MRTC0/SI828,0.1906,0.3756,BA,FALSE,i10551,r,ah,g,MCTW0,M,DR3,i10594,r,ae,g,MCTW0,M,DR3,i71188,r,ah,g,MRTC0,M,DR3,B1
t00000013853,5.53579261247748,7.08379925121695,182.681156211757,170.011182029207,4.66128810024549,4.82359910294626,153.822507308101,115.76637847071,19.996044204487,25.6055615780708,659.869458748072,614.533477873699,11.6306796501674,12.3109323909087,383.812428455523,307.773309772716,TEST/DR6/FLNH0/SX134,1.8825,2.0757,TEST/DR6/FLNH0/SI941,2.4425,2.7575,TRAIN/DR8/MEJS0/SI1240,1.4856,1.7232,BA,FALSE,i40058,m,ah,n,FLNH0,F,DR6,i40147,m,ae,n,FLNH0,F,DR6,i178446,m,ah,n,MEJS0,M,DR8,B2
t00000087088,5.35031354504433,4.39908048039737,155.159092806286,92.3806900883449,4.57524731269417,4.31951749995635,132.682172068131,86.390349999127,20.0110931529153,16.8686904827743,580.321701434544,354.24250013826,11.7643091321882,10.2244292386731,341.164964833459,204.488584773462,TRAIN/DR8/FCEG0/SX78,1.0213,1.1904,TRAIN/DR8/FCEG0/SA2,1.5012,1.7803,TRAIN/DR3/MRTC0/SI828,0.1906,0.3756,BA,FALSE,i178846,r,ah,g,FCEG0,F,DR8,i178923,r,ae,g,FCEG0,F,DR8,i71188,r,ah,g,MRTC0,M,DR3,B3
t00000050383,4.76854026176924,4.24087390278525,128.75058706777,114.503595375202,5.16986572461067,4.64454021143517,139.586374564488,125.40258570875,17.5913786462841,15.6480544675673,474.967223449672,422.497470624317,15.1859391026708,12.8151229370997,410.020355772111,346.008319301691,TRAIN/DR5/MEWM0/SX88,2.3479,2.4554,TRAIN/DR5/MEWM0/SX178,2.2454,2.4623,TEST/DR3/MJMP0/SI1791,2.1827,2.44,AB,FALSE,i124294,w,ah,n,MEWM0,M,DR5,i124179,w,iy,n,MEWM0,M,DR5,i9706,w,ah,n,MJMP0,M,DR3,B1
t00000022515,5.2208328088475104,4.147526316843,120.079154603493,87.098052653703,4.15178455176655,4.05254541477518,95.4910446906308,81.0509082955037,19.1029614909814,14.6142721418094,439.368114292572,306.899714977998,12.1563028533309,12.163500763941,291.751268479942,255.433516042761,TRAIN/DR2/MRJT0/SX58,1.8016,1.9921,TRAIN/DR2/MRJT0/SI868,3.2585,3.48,TRAIN/DR3/MMJB1/SX58,1.6494,1.8302,AB,FALSE,i94835,r,ah,s,MRJT0,M,DR2,i94741,r,iy,s,MRJT0,M,DR2,i81342,r,ah,s,MMJB1,M,DR3,B2
t00000015274,5.28616122298902,5.2478403472437,116.295546905758,178.426571806286,5.19269130466178,4.20176839956316,103.853826093236,142.860125585147,20.1022525026839,19.2170240261286,442.249555059046,653.378816888374,14.7764134340711,14.7502596051927,295.528268681422,501.508826576553,TRAIN/DR1/MRSO0/SX129,0.483,0.8056,TRAIN/DR1/MRSO0/SX219,2.5381,2.7268,TRAIN/DR6/MBMA1/SI2214,1.6473,1.8144,AB,FALSE,i176764,r,ah,k,MRSO0,M,DR1,i176567,r,iy,k,MRSO0,M,DR1,i163871,r,ah,k,MBMA1,M,DR6,B3
t00000096470,6.02113672766018,4.34617557745206,150.528418191504,113.000565013754,5.00564836605931,4.16938492768142,125.141209151483,104.234623192035,21.9493046951658,15.5901492345473,548.732617379145,405.343880098229,15.4237391832253,10.6660627046049,385.593479580634,266.651567615123,TRAIN/DR7/MPAR0/SX136,1.1914,1.3776,TRAIN/DR7/MPAR0/SI2206,0.5992,0.8024,TEST/DR3/MTAA0/SX295,0.5275,0.7681,BA,FALSE,i148695,k,ah,m,MPAR0,M,DR7,i148935,k,iy,m,MPAR0,M,DR7,i12713,k,ah,m,MTAA0,M,DR3,B1
t00000074468,4.81156490607911,6.50370058072239,129.912252464136,175.599915679504,4.30631961449719,4.7246484917663,116.270629591424,127.56550927769,18.8962061356048,25.131247542602,510.197565661329,678.543683650254,11.84232027963,12.608664561428,319.742647550009,340.433943158555,TRAIN/DR8/MKRG0/SX411,0.1331,0.2361,TRAIN/DR8/MKRG0/SX31,1.2306,1.4222,TEST/DR5/FHEW0/SI763,2.3222,2.5778,BA,FALSE,i182966,b,ah,dx,MKRG0,M,DR8,i182822,b,iy,dx,MKRG0,M,DR8,i31577,b,ah,dx,FHEW0,F,DR5,B2
t00000050535,4.98369874051905,3.7293879711335,99.6739748103809,89.5053113072039,4.62677361396808,4.15740065637253,97.1622458933296,99.7776157529407,17.8732192044612,13.1479361129893,357.464384089225,315.550466711743,14.2784549489943,11.273280453285,285.569098979886,259.285450425555,TRAIN/DR2/MRJM1/SX398,2.7911,2.9925,TRAIN/DR2/MRJM1/SI1298,0.2976,0.4595,TRAIN/DR4/MRAB1/SX398,2.4471,2.6381,BA,FALSE,i112025,w,ah,n,MRJM1,M,DR2,i111894,w,iy,n,MRJM1,M,DR2,i62392,w,ah,n,MRAB1,M,DR4,B3
t00000074711,4.92870524889936,7.65263357523923,108.431515475786,160.705305080024,3.86541105000618,4.93054334607652,81.1736320501297,103.541410267607,19.330297561282,29.531624732974,425.266546348204,620.164119392454,12.6607428963024,14.5992402577292,278.536343718653,306.584045412313,TRAIN/DR7/MJFR0/SI975,0.1475,0.2518,TRAIN/DR7/MJFR0/SI1605,0.3,0.484,TRAIN/DR7/MTWH1/SX252,0.5706,0.7675,AB,FALSE,i137100,b,ah,dx,MJFR0,M,DR7,i137042,b,uh,dx,MJFR0,M,DR7,i139020,b,ah,dx,MTWH1,M,DR7,B1
t00000103066,4.19704706312062,4.17347525721234,121.714364830498,125.20425771637,4.34126308964814,4.69328895295775,130.237892689444,136.105379635775,15.2738432118676,15.3797356824667,442.941453144162,461.392070474002,10.124225232452,11.0014982765819,303.726756973561,330.044948297458,TRAIN/DR3/MPRD0/SX171,1.06,1.2369,TRAIN/DR3/MPRD0/SX171,3.1758,3.3544,TEST/DR5/MDWA0/SI1146,0.7154,0.9994,AB,FALSE,i69412,w,ah,z,MPRD0,M,DR3,i69428,w,uh,z,MPRD0,M,DR3,i30154,w,ah,z,MDWA0,M,DR5,B2
t00000101207,4.94669272554737,5.46181684742877,138.507396315326,87.3890695588603,4.92851025633725,5.98351026273414,137.998287177443,95.7361642037463,18.1286394049402,19.8200149122925,507.601903338326,317.12023859668,11.4389583392455,12.11390558537,320.290833498873,193.822489365919,TRAIN/DR4/FKLC0/SX445,0.135,0.2425,TRAIN/DR4/FKLC0/SX265,2.1514,2.42,TRAIN/DR7/MTKD0/SI630,0.222,0.3678,AB,FALSE,i67504,w,ah,dx,FKLC0,F,DR4,i67789,w,uh,dx,FKLC0,F,DR4,i155770,w,ah,dx,MTKD0,M,DR7,B3
t00000103083,3.92435995784151,4.62235426989996,86.3359190725132,97.0694396678992,3.27429289307109,4.06624991293521,68.7601507544928,81.3249982587042,14.5037582457481,17.1426117747194,304.578923160709,359.994847269107,9.20476609318369,12.8288664091969,211.709620143225,269.406194593136,TRAIN/DR3/MPRD0/SX171,1.06,1.2369,TRAIN/DR3/MPRD0/SX171,3.1758,3.3544,TRAIN/DR7/MRMH0/SI1021,2.6951,2.8912,BA,FALSE,i69412,w,ah,z,MPRD0,M,DR3,i69428,w,uh,z,MPRD0,M,DR3,i138311,w,ah,z,MRMH0,M,DR7,B1
t00000074700,4.20831843880004,3.94123183145797,84.1663687760008,63.0597093033276,3.12043117379804,4.05009002134011,65.5290546497589,64.8014403414418,15.6493739069892,14.5140165260765,312.987478139784,232.224264417224,9.06957366015625,10.6088302045724,181.391473203125,169.741283273158,TRAIN/DR7/MJFR0/SI975,0.1475,0.2518,TRAIN/DR7/MJFR0/SI1605,0.3,0.484,TRAIN/DR7/MNTW0/SI1698,0.992,1.1381,BA,FALSE,i137100,b,ah,dx,MJFR0,M,DR7,i137042,b,uh,dx,MJFR0,M,DR7,i146676,b,ah,dx,MNTW0,M,DR7,B2
t00000100597,3.78600342156938,4.82925516415894,68.1480615882489,57.9510619699073,4.53012711851074,5.10419746169553,81.5422881331932,61.2503695403463,14.5067669895454,17.8414730180525,261.121805811817,214.097676216629,9.9579466138137,10.3712972557861,179.243039048647,124.455567069433,TRAIN/DR4/MJMM0/SX445,0.1358,0.2428,TRAIN/DR4/MJMM0/SX265,1.715,1.8875,TRAIN/DR3/FDFB0/SI1318,0.2089,0.3238,BA,FALSE,i62921,w,ah,dx,MJMM0,M,DR4,i63145,w,uh,dx,MJMM0,M,DR4,i80598,w,ah,dx,FDFB0,F,DR3,B3
t00000014662,3.54797296878638,3.84608881043379,149.014864689028,126.920930744315,3.59441566565526,3.64685763892761,150.965457957521,120.346302084611,12.95765831597,13.7314877578549,544.221649270739,453.139096009211,9.56862784472007,10.0241141731228,401.882369478243,330.795767713051,TRAIN/DR1/MRSO0/SI1659,0.1356,0.4621,TRAIN/DR1/MRSO0/SX399,0.3498,0.76,TRAIN/DR3/MMJB1/SI1408,1.6269,1.8919,AB,FALSE,i176519,s,ah,m,MRSO0,M,DR1,i176649,s,uw,m,MRSO0,M,DR1,i81409,s,ah,m,MMJB1,M,DR3,B1
t00000014280,3.81772298705452,3.32057839815254,95.4430746763629,89.6556167501186,4.06379979539007,3.44874031744592,93.4673952939717,89.667248253594,14.5102019419139,12.1939378155811,362.755048547847,329.236321020691,10.8475976553958,9.12757608549751,271.189941384895,237.316978222935,TEST/DR4/MKCL0/SI461,0.9762,1.2297,TEST/DR4/MKCL0/SI1091,1.81,2.0313,TEST/DR5/MDRB0/SI2109,1.9375,2.1575,AB,FALSE,i3252,s,ah,m,MKCL0,M,DR4,i3396,s,uw,m,MKCL0,M,DR4,i24596,s,ah,m,MDRB0,M,DR5,B2
t00000008436,4.64151163063442,5.27749314401434,181.018953594742,110.827356024301,4.33250112732457,4.73939499734166,168.967543965658,99.5272949441748,16.1061302077859,18.1796333584262,628.139078103651,381.772300526949,10.6780708641197,11.6800013235471,416.444763700668,245.28002779449,TEST/DR5/MRPP0/SX104,1.2402,1.3825,TEST/DR5/MRPP0/SI554,3.7222,4.1025,TRAIN/DR2/MDLB0/SX136,1.9765,2.1774,AB,FALSE,i32054,r,ah,m,MRPP0,M,DR5,i31939,r,uw,m,MRPP0,M,DR5,i106184,r,ah,m,MDLB0,M,DR2,B3
t00000094079,4.07990309281023,6.36455559511217,101.997577320256,171.843001068029,4.95210895292045,5.97128204546994,113.89850591717,149.282051136748,15.088946762591,23.1340290048612,377.223669064775,624.618783131252,13.4456579739126,15.1950361453623,309.25013339999,379.875903634057,TRAIN/DR1/MRCG0/SX78,1.3181,1.5613,TRAIN/DR1/MRCG0/SX438,3.3456,3.5421,TRAIN/DR8/MMWS0/SX78,1.0856,1.3054,BA,FALSE,i173398,r,ah,g,MRCG0,M,DR1,i173560,r,uw,g,MRCG0,M,DR1,i179357,r,ah,g,MMWS0,M,DR8,B1
t00000014306,3.8404009809848,3.12721799835132,103.690826486589,81.3076679571344,3.81236015458669,2.81064246113222,95.3090038646673,73.0767039894376,14.9788572625053,11.581967434854,389.450288825138,301.131153306203,10.1434239771687,7.91460871639771,273.872447383556,205.77982662634,TEST/DR4/MKCL0/SI461,0.9762,1.2297,TEST/DR4/MKCL0/SI1091,1.81,2.0313,TEST/DR2/MMDB1/SI2255,2.156,2.3912,BA,FALSE,i3252,s,ah,m,MKCL0,M,DR4,i3396,s,uw,m,MKCL0,M,DR4,i21431,s,ah,m,MMDB1,M,DR2,B2
t00000008447,3.46447524581391,4.06432699106683,135.114534586742,89.4151938034703,3.30444742560688,3.85717467635961,128.873449598668,84.8578428799115,13.1590534522761,14.9856930321673,513.203084638768,329.68524670768,8.80482829712232,9.7136988599991,343.388303587771,213.70137491998,TEST/DR5/MRPP0/SX104,1.2402,1.3825,TEST/DR5/MRPP0/SI554,3.7222,4.1025,TRAIN/DR6/MSJK0/SX66,0.9229,1.1294,BA,FALSE,i32054,r,ah,m,MRPP0,M,DR5,i31939,r,uw,m,MRPP0,M,DR5,i158595,r,ah,m,MSJK0,M,DR6,B3
t00000061434,5.05588017440255,3.87541209787454,146.620525057674,108.511538740487,4.87803111592553,3.74102370512759,141.46290236184,104.748663743573,19.2925410299814,14.2793124321925,559.48368986946,399.820748101389,13.6936974030115,9.63536208020972,397.117224687335,269.790138245872,TEST/DR2/FCMR0/SA2,2.0183,2.2898,TEST/DR2/FCMR0/SX205,1.8198,2.0966,TRAIN/DR8/MMEA0/SA2,1.2089,1.3942,AB,FALSE,i20691,l,iy,r,FCMR0,F,DR2,i20646,l,aa,r,FCMR0,F,DR2,i179820,l,iy,r,MMEA0,M,DR8,B1
t00000028598,6.16602782409162,4.64725402039646,166.482751250474,125.475858550704,4.35642833679143,3.83970689915739,117.623565093369,103.672086277249,23.1147498518273,17.4872203400022,624.098245999337,472.154949180059,14.5055316305144,10.5918829585599,391.64935402389,285.980839881116,TRAIN/DR4/FEEH0/SA1,1.6975,1.9225,TRAIN/DR4/FEEH0/SX302,1.3875,1.6225,TEST/DR7/MPAB0/SA1,2.2846,2.5404,AB,FALSE,i50195,r,iy,s,FEEH0,F,DR4,i50225,r,aa,s,FEEH0,F,DR4,i35919,r,iy,s,MPAB0,M,DR7,B2
t00000028948,4.93623437050881,3.94974004804331,157.959499856282,102.693241249126,5.11056221090959,4.14861426781868,163.537990749107,107.863970963286,18.9093045696314,14.5130054777033,605.097746228204,377.338142420286,14.4398549733129,10.254243500512,462.075359146012,276.864574513823,TRAIN/DR6/MSVS0/SI938,4.0475,4.2974,TRAIN/DR6/MSVS0/SX308,2.5531,2.8583,TRAIN/DR3/FLJD0/SA1,1.4025,1.6256,AB,FALSE,i159016,r,iy,s,MSVS0,M,DR6,i158720,r,aa,s,MSVS0,M,DR6,i89662,r,iy,s,FLJD0,F,DR3,B3
t00000041801,4.75333035217764,5.3096425712144,128.339919508796,143.360349422789,4.39987775284559,4.55362378643153,118.796699326831,122.947842233651,18.1865298446012,19.8734126544549,491.036305804234,536.582141670281,11.9072488296583,10.4504851681514,321.495718400775,282.163099540089,TRAIN/DR2/FJKL0/SI932,3.4244,3.6681,TRAIN/DR2/FJKL0/SX392,1.4619,1.6846,TRAIN/DR3/MJRH1/SA1,1.7076,1.9725,BA,FALSE,i90932,r,iy,s,FJKL0,F,DR2,i90980,r,aa,s,FJKL0,F,DR2,i76563,r,iy,s,MJRH1,M,DR3,B1
t00000057265,6.66940666716682,5.60302477707997,200.082200015005,156.884693758239,4.75247388307632,3.84272110860002,142.57421649229,107.596191040801,24.7378699165061,21.308475230621,742.136097495183,596.637306457389,13.8774965060018,11.4129782105599,416.324895180054,330.976368106237,TEST/DR7/FSXA0/SA2,1.6175,1.8275,TEST/DR7/FSXA0/SX118,1.9216,2.2075,TEST/DR4/MLLL0/SA2,1.9425,2.2075,BA,FALSE,i37528,l,iy,r,FSXA0,F,DR7,i37456,l,aa,r,FSXA0,F,DR7,i2789,l,iy,r,MLLL0,M,DR4,B2
t00000054226,5.39981792450981,3.01942834821778,134.995448112745,78.5051370536622,5.26527674125613,3.91395216402379,131.631918531403,97.8488041005949,20.696653967252,10.9560325590511,517.416349181301,284.856846535329,14.9833963602406,8.72628381456627,374.584909006014,218.157095364157,TEST/DR2/MTAS1/SA2,1.9451,2.1932,TEST/DR2/MTAS1/SX118,2.0444,2.2825,TRAIN/DR2/MTDB0/SA2,1.3551,1.5874,BA,FALSE,i18861,l,iy,r,MTAS1,M,DR2,i18798,l,aa,r,MTAS1,M,DR2,i107539,l,iy,r,MTDB0,M,DR2,B3
t00000048033,3.81823844387409,3.82450568816386,118.365391760097,91.7881365159326,4.18989290546767,3.07410317968971,129.886680069498,73.778476312553,14.186462864218,14.0441412548007,439.780348790758,337.059390115216,12.6988812571696,9.49246497746873,393.665318972256,227.81915945925,TRAIN/DR2/MPPC0/SX422,0.895,1.1181,TRAIN/DR2/MPPC0/SI1412,4.2287,4.525,TRAIN/DR2/MRJT0/SX148,0.5381,0.7262,AB,FALSE,i111704,r,iy,s,MPPC0,M,DR2,i111772,r,ae,s,MPPC0,M,DR2,i94923,r,iy,s,MRJT0,M,DR2,B1
t00000006333,6.00393258391936,6.19241672845204,132.086516846226,148.618001482849,4.93139993646664,4.51036008639245,108.490798602266,90.207201727849,21.1850548206786,24.1212809926169,466.07120605493,554.789462830189,12.0621647197657,11.5788769130323,265.367623834846,231.577538260645,TRAIN/DR2/MRJM1/SI1928,0.624,0.812,TRAIN/DR2/MRJM1/SI1298,3.1703,3.3775,TEST/DR3/MJBR0/SA2,0.5577,0.7465,AB,FALSE,i112160,m,iy,dx,MRJM1,M,DR2,i111936,m,ae,dx,MRJM1,M,DR2,i10815,m,iy,dx,MJBR0,M,DR3,B2
t00000005507,3.44242901327037,3.83314939217627,75.7334382919482,49.8309420982916,3.71233757543559,4.03507969505983,81.671426659583,52.4560360357778,12.8622120143183,14.0984807708474,282.968664315003,183.280250021016,9.34736193601321,9.20716152900371,205.641962592291,119.693099877048,TRAIN/DR7/MKAG0/SA2,0.5375,0.6472,TRAIN/DR7/MKAG0/SI979,4.0179,4.2294,TRAIN/DR6/MJRK0/SA2,0.725,0.8425,AB,FALSE,i136268,m,iy,dx,MKAG0,M,DR7,i136216,m,ae,dx,MKAG0,M,DR7,i159517,m,iy,dx,MJRK0,M,DR6,B3
t00000006108,4.99291434978618,4.41131359790096,109.844115695296,92.6375855559201,4.01664098666003,4.23916223210234,88.3661017065207,84.7832446420467,18.0954094154994,16.1542385244938,398.099007140986,323.084770489875,12.6094912937149,10.4962573133905,277.408808461727,209.92514626781,TRAIN/DR2/MRJM1/SI1928,0.624,0.812,TRAIN/DR2/MRJM1/SI1298,3.1703,3.3775,TEST/DR4/FMCM0/SA2,0.5075,0.6025,BA,FALSE,i112160,m,iy,dx,MRJM1,M,DR2,i111936,m,ae,dx,MRJM1,M,DR2,i4227,m,iy,dx,FMCM0,F,DR4,B1
t00000021644,4.42167850601078,3.72500759753231,132.650355180323,111.750227925969,4.40612631816805,3.26520681460548,132.183789545042,101.22141125277,16.4485997595174,13.6457088778638,493.457992785521,409.371266335915,12.5799429697038,10.4280392705214,389.978232060817,323.269217386164,TRAIN/DR2/MRLR0/SA1,1.5222,1.7493,TRAIN/DR2/MRLR0/SI566,0.5125,0.7541,TRAIN/DR5/MJDM0/SA1,1.6902,1.9806,BA,FALSE,i95560,r,iy,s,MRLR0,M,DR2,i95405,r,ae,s,MRLR0,M,DR2,i132522,r,iy,s,MJDM0,M,DR5,B2
t00000049742,4.05904879658955,3.07579986407655,105.535268711328,76.8949966019137,4.84080376704428,2.82242165809728,121.020094176107,73.3829631105292,14.9420349284302,10.7214783862293,388.492908139184,278.75843804196103,12.4122374359481,8.13309616852102,322.718173334649,211.460500381547,TRAIN/DR7/MRPC1/SA1,1.3233,1.5362,TRAIN/DR7/MRPC1/SI2112,1.2624,1.49,TRAIN/DR1/MMRP0/SA1,2.0117,2.2523,BA,FALSE,i136819,r,iy,s,MRPC1,M,DR7,i136847,r,ae,s,MRPC1,M,DR7,i172534,r,iy,s,MMRP0,M,DR1,B3
t00000035729,4.48516068762247,4.01491913017537,143.525142003919,104.38789738456,4.06214723969791,4.68983250427077,125.926564430635,117.245812606769,17.9094357762524,15.2091103811098,555.192509063824,380.227759527745,12.7005690190687,11.7917155271746,406.418208610199,306.58460370654,TRAIN/DR7/MKDB0/SA1,1.6375,1.8762,TRAIN/DR7/MKDB0/SI872,1.8981,2.1975,TRAIN/DR2/FCYL0/SA1,1.5138,1.7473,AB,FALSE,i141032,r,iy,s,MKDB0,M,DR7,i141065,r,ah,s,MKDB0,M,DR7,i102785,r,iy,s,FCYL0,F,DR2,B1
t00000048324,5.42430530316825,3.48975287134072,141.031937882375,87.2438217835179,4.59234459599352,2.96186501944812,114.808614899838,77.0084905056511,20.5594724979577,12.6562289392194,534.5462849469,316.405723480484,11.8359946355569,7.47979881815425,307.735860524478,194.47476927201,TRAIN/DR7/FMAH1/SA1,1.6862,1.8975,TRAIN/DR7/FMAH1/SX249,1.6945,1.9325,TRAIN/DR2/FLMA0/SA1,1.3002,1.5366,AB,FALSE,i147153,r,iy,s,FMAH1,F,DR7,i147230,r,ah,s,FMAH1,F,DR7,i96937,r,iy,s,FLMA0,F,DR2,B2
t00000039293,4.59084408985441,3.73089840245561,119.361946336215,201.468513732603,4.63053629190459,2.80402868488276,120.393943589519,151.417548983669,17.1240031322325,13.9476510314229,445.224081438044,753.173155696836,14.0645570962251,7.15541819708012,365.678484501853,386.392582642327,TRAIN/DR2/MRJT0/SX58,3.4047,3.9294,TRAIN/DR2/MRJT0/SX58,1.8016,1.9921,TRAIN/DR7/MTML0/SA1,1.4632,1.7112,AB,FALSE,i94856,r,iy,s,MRJT0,M,DR2,i94835,r,ah,s,MRJT0,M,DR2,i146073,r,iy,s,MTML0,M,DR7,B3
t00000044330,4.5968989714951,2.9165509642959,128.713171201863,90.413079893172693,4.05028423923073,2.63927296395194,113.40795869846,81.8174618825101,17.2045040455536,10.5266830460034,481.726113275501,326.327174426105,12.2103591969514,6.77657858919942,354.10041671159,210.073936265182,TRAIN/DR4/FSSB0/SA1,1.6831,1.9765,TRAIN/DR4/FSSB0/SI1082,1.4356,1.7125,TRAIN/DR7/FBLV0/SA1,1.5817,1.8106,BA,FALSE,i57753,r,iy,s,FSSB0,F,DR4,i57799,r,ah,s,FSSB0,F,DR4,i136029,r,iy,s,FBLV0,F,DR7,B1
t00000104574,3.2811024594551,3.58091109286953,108.276381162018,111.008243878956,3.71690919399697,3.44992480374075,122.6580034019,106.947668915963,12.14477003429,13.5883235873679,400.77741113157,421.238031208404,9.27305507186435,9.13775006845969,306.010817371524,283.27025212225,TRAIN/DR7/MAEO0/SA1,1.524,1.8041,TRAIN/DR7/MAEO0/SX246,0.9373,1.2584,TEST/DR6/MCMJ0/SA1,1.8875,2.154,BA,FALSE,i148334,s,iy,w,MAEO0,M,DR7,i148127,s,ah,w,MAEO0,M,DR7,i41094,s,iy,w,MCMJ0,M,DR6,B2
t00000024724,4.64746828702847,3.80869140948448,92.9493657405694,91.4085938276275,4.07995230329116,3.25587069619394,81.5990460658232,78.1408967086547,17.7599817635222,14.2240593791212,355.199635270443,341.377425098909,12.3386549775567,9.07404262954237,246.773099551134,217.777023109017,TRAIN/DR2/MRJM0/SX148,0.5675,0.7975,TRAIN/DR2/MRJM0/SX58,1.9662,2.1525,TRAIN/DR2/MDLC2/SA1,1.3663,1.5587,BA,FALSE,i111146,r,iy,s,MRJM0,M,DR2,i111064,r,ah,s,MRJM0,M,DR2,i109264,r,iy,s,MDLC2,M,DR2,B3
t00000015136,4.42223093689909,6.39871921727072,141.511389980771,204.759014952663,4.08642297835408,4.56788453986553,130.765535307331,146.172305275697,15.910258888943,23.178906098483,509.128284446176,741.724995151455,11.7726552617601,15.440931727736,376.724968376325,494.109815287552,TRAIN/DR7/MDLM0/SX244,1.1619,1.3369,TRAIN/DR7/MDLM0/SX424,1.5613,1.6762,TRAIN/DR5/MWSH0/SX346,0.8511,1.1575,AB,FALSE,i137229,r,iy,k,MDLM0,M,DR7,i137357,r,uh,k,MDLM0,M,DR7,i126538,r,iy,k,MWSH0,M,DR5,B1
t00000025789,4.13836279253124,3.04746814917057,111.735795398343,88.3765763259465,4.7415897024125,3.33923574721293,113.7981528579,96.837836669175,15.4683706525305,11.2576481240878,417.646007618324,326.471795598545,11.6685069464534,8.27487300536801,326.718194500696,264.795936171776,TEST/DR8/MJTC0/SA1,1.7556,2.0356,TEST/DR8/MJTC0/SI1460,4.1381,4.3581,TRAIN/DR3/MREE0/SA1,1.6225,1.8475,AB,FALSE,i45790,r,iy,s,MJTC0,M,DR8,i45616,r,uh,s,MJTC0,M,DR8,i87601,r,iy,s,MREE0,M,DR3,B2
t00000104906,3.74648765952489,3.37887885772771,97.4086791476471,118.26076002047,4.09210400802074,3.81373351524111,106.394704208539,133.480673033439,14.1283100121542,12.5458540137943,367.33606031601,439.1048904828,11.1685981168532,8.93678038041386,290.383551038183,312.787313314485,TRAIN/DR2/MKAJ0/SA1,1.5181,1.8377,TRAIN/DR2/MKAJ0/SI2044,0.5525,0.7975,TRAIN/DR2/FMMH0/SA1,1.7306,1.9712,AB,FALSE,i101967,s,iy,w,MKAJ0,M,DR2,i101785,s,uh,w,MKAJ0,M,DR2,i93048,s,iy,w,FMMH0,F,DR2,B3
t00000025515,4.17958650028252,3.03787792829515,125.387595008475,94.1742157771498,4.04558553091936,3.28803089288641,117.321980396662,101.928957679479,15.7178507868836,11.2118530992161,471.535523606508,347.567446075699,10.5089194724118,7.58216096550742,325.776503644764,235.04698993073,TEST/DR8/MJTC0/SA1,1.7556,2.0356,TEST/DR8/MJTC0/SI1460,4.1381,4.3581,TRAIN/DR7/FVKB0/SA1,1.9242,2.1975,BA,FALSE,i45790,r,iy,s,MJTC0,M,DR8,i45616,r,uh,s,MJTC0,M,DR8,i143954,r,iy,s,FVKB0,F,DR7,B1
t00000104821,4.31379987828963,3.61390648075202,125.100196470399,122.872820345569,4.06236261627806,3.69737449961904,117.808515872064,129.408107486666,16.1565729567152,13.4421698001537,468.54061574474,457.033773205225,10.507132185629,9.14106998508915,304.706833383242,319.93744947812,TRAIN/DR2/MKAJ0/SA1,1.5181,1.8377,TRAIN/DR2/MKAJ0/SI2044,0.5525,0.7975,TRAIN/DR4/FBAS0/SA1,1.9225,2.1958,BA,FALSE,i101967,s,iy,w,MKAJ0,M,DR2,i101785,s,uh,w,MKAJ0,M,DR2,i63762,s,iy,w,FBAS0,F,DR4,B2
t00000015037,4.12707197345902,3.03857345854218,86.6685114426394,72.9257630050124,3.19906162087965,2.87501866859589,67.1802940384726,66.1254293777054,15.4086498766443,11.6241452120792,323.58164740953,278.979485089901,9.55403123815032,8.18762980788771,210.188687239307,196.503115389305,TRAIN/DR4/MLJH0/SX244,2.2538,2.4413,TRAIN/DR4/MLJH0/SX424,2.3003,2.4781,TRAIN/DR3/MJRH1/SX244,1.7125,1.9008,BA,FALSE,i60817,r,iy,k,MLJH0,M,DR4,i60899,r,uh,k,MLJH0,M,DR4,i76307,r,iy,k,MJRH1,M,DR3,B3
t00000020237,5.00170473817523,4.88961185689829,200.068189527009,112.461072708661,4.83814224765147,4.96736083278915,193.525689906059,109.281938321361,18.9603742502594,18.4000543196069,758.414970010377,423.20124935096,13.499609798356,13.261353168057,539.984391934239,291.749769697253,TRAIN/DR3/MPRD0/SX441,0.4525,0.6344,TRAIN/DR3/MPRD0/SI1431,3.2437,3.6255,TEST/DR4/FLBW0/SX229,0.4325,0.6425,AB,FALSE,i69264,l,uh,k,MPRD0,M,DR3,i69515,l,aa,k,MPRD0,M,DR3,i6919,l,uh,k,FLBW0,F,DR4,B1
t00000100654,4.7031983561792,3.33736526859026,108.173562192122,76.759401177576,5.08739007708427,3.32195859829188,117.009971772938,76.4050477607133,17.2566577363785,12.6871096289299,396.903127936705,291.803521465389,13.4069895040686,8.15168830126176,308.360758593579,187.48883092902,TRAIN/DR2/MWSB0/SX186,0.1102,0.2144,TRAIN/DR2/MWSB0/SA1,2.2,2.354,TRAIN/DR7/MGAW0/SX265,1.7825,2.0026,AB,FALSE,i106445,w,uh,dx,MWSB0,M,DR2,i106652,w,aa,dx,MWSB0,M,DR2,i140753,w,uh,dx,MGAW0,M,DR7,B2
t00000100155,5.8826519252076,3.92433662633913,129.418342354567,86.3354057794608,4.00408615187565,3.65578447759553,88.0898953412643,80.4272585071017,22.735543635438,14.5588208520156,500.181959979637,320.294058744342,13.0260236010092,10.5145174560732,286.572519222203,231.319384033611,TRAIN/DR8/MRDM0/SI1595,1.7076,1.8811,TRAIN/DR8/MRDM0/SX155,0.2054,0.3879,TRAIN/DR6/MCAE0/SA1,2.6746,2.8782,AB,FALSE,i183239,w,uh,dx,MRDM0,M,DR8,i183190,w,aa,dx,MRDM0,M,DR8,i160355,w,uh,dx,MCAE0,M,DR6,B3
t00000100662,5.0441066433901,4.59136444882526,85.7498129376317,78.0531956300294,4.5296541161984,4.35715036020219,77.0041199753728,74.0715561234372,18.2291290927662,16.9270723898506,309.895194577026,287.760230627459,14.6967204996484,10.6744225988047,249.844248494023,181.46518417968,TRAIN/DR2/MWSB0/SX186,0.1102,0.2144,TRAIN/DR2/MWSB0/SA1,2.2,2.354,TRAIN/DR5/MRKM0/SA1,2.8728,3.0346,BA,FALSE,i106445,w,uh,dx,MWSB0,M,DR2,i106652,w,aa,dx,MWSB0,M,DR2,i115933,w,uh,dx,MRKM0,M,DR5,B1
t00000100658,4.18098106827417,4.00877743171026,66.8956970923867,56.1228840439437,4.59905208123031,3.84834325585251,73.584833299685,53.8768055819352,15.3202506641408,15.1405169937011,245.124010626253,211.967237911816,12.029447166786,10.2512545745621,192.471154668577,143.517564043869,TRAIN/DR2/MWSB0/SX186,0.1102,0.2144,TRAIN/DR2/MWSB0/SA1,2.2,2.354,TRAIN/DR4/MNET0/SX186,0.14,0.2725,BA,FALSE,i106445,w,uh,dx,MWSB0,M,DR2,i106652,w,aa,dx,MWSB0,M,DR2,i66928,w,uh,dx,MNET0,M,DR4,B2
t00000105251,6.42394196948379,3.87705504728402,192.718259084514,116.311651418521,4.75468389151081,4.41047895259371,142.640516745324,132.314368577811,24.0898947660997,14.3098381772048,722.696842982991,429.295145316145,12.936642754254,9.26705960056845,388.09928262762,278.011788017054,TEST/DR4/MJRF0/SX11,0.3658,0.5525,TEST/DR4/MJRF0/SI2081,0.4557,0.6319,TRAIN/DR5/MDWH0/SI665,1.5222,1.8094,BA,FALSE,i2313,w,uh,l,MJRF0,M,DR4,i2111,w,aa,l,MJRF0,M,DR4,i129752,w,uh,l,MDWH0,M,DR5,B3
t00000103774,4.22030769137298,7.68620226300335,156.1513845808,307.448090520134,3.66444207539976,5.24957772354069,131.919914714392,209.983108941627,15.9699832250883,29.3745700718618,590.889379328268,1174.98280287447,10.2162595590842,13.1904660508779,357.569084567948,580.380506238628,TRAIN/DR6/MTXS0/SX160,2.1192,2.51,TRAIN/DR6/MTXS0/SI1690,0.6725,0.973,TEST/DR4/FJMG0/SI1181,1.6281,1.9556,AB,FALSE,i164125,b,uh,k,MTXS0,M,DR6,i164174,b,ae,k,MTXS0,M,DR6,i3715,b,uh,k,FJMG0,F,DR4,B1
t00000103866,4.78971972501647,3.65752754356541,282.593463775972,117.040881394093,4.42626026659273,3.77171449549116,261.149355728971,109.379720369244,17.320657793258,13.8614863375344,1039.23946759548,443.567562801102,12.3968868153111,10.3658663225209,731.416322103356,321.341855998149,TEST/DR1/MWBT0/SX293,1.605,1.8726,TEST/DR1/MWBT0/SX113,2.6025,3.1825,TRAIN/DR4/MGAG0/SI645,1.0496,1.275,AB,FALSE,i43219,b,uh,k,MWBT0,M,DR1,i43461,b,ae,k,MWBT0,M,DR1,i60455,b,uh,k,MGAG0,M,DR4,B2
t00000103860,4.64654006752362,3.4907158641337,297.378564321512,136.137918701214,4.23038824257283,3.45922832153953,249.592906311797,114.154534610804,17.1179178357193,13.2673794071762,1095.54674148603,517.427796879873,13.9515948654555,11.6770823942683,823.144097061873,385.343719010854,TEST/DR1/MWBT0/SX293,1.605,1.8726,TEST/DR1/MWBT0/SX113,2.6025,3.1825,TRAIN/DR7/MCTH0/SX309,2.5586,2.885,AB,FALSE,i43219,b,uh,k,MWBT0,M,DR1,i43461,b,ae,k,MWBT0,M,DR1,i144675,b,uh,k,MCTH0,M,DR7,B3
t00000103871,5.08066321744838,6.53211250839813,304.839793046903,274.348725352722,4.80436730836052,3.93813942786428,283.457671193271,157.525577114571,18.2685290466444,23.8513966110848,1096.11174279867,1001.75865766556,14.2934466039591,11.8701949670156,857.606796237545,498.548188614653,TEST/DR1/MWBT0/SI2183,0.1342,0.375,TEST/DR1/MWBT0/SX113,2.6025,3.1825,TRAIN/DR6/MTXS0/SX160,2.1192,2.51,BA,FALSE,i43195,b,uh,k,MWBT0,M,DR1,i43461,b,ae,k,MWBT0,M,DR1,i164125,b,uh,k,MTXS0,M,DR6,B1
t00000103854,5.36693648205906,5.06319974124751,327.383125405603,192.401590167405,4.37888857752381,5.34645345509152,258.354426073905,181.779417473112,19.8870043958024,18.8493099020944,1213.10726814395,735.123086181682,11.5904270185346,14.0156950401571,707.016048130609,476.533631365341,TEST/DR1/MWBT0/SI2183,0.1342,0.375,TEST/DR1/MWBT0/SX113,2.6025,3.1825,TEST/DR4/FJMG0/SI1181,1.6281,1.9556,BA,FALSE,i43195,b,uh,k,MWBT0,M,DR1,i43461,b,ae,k,MWBT0,M,DR1,i3715,b,uh,k,FJMG0,F,DR4,B2
t00000075965,5.25337027245624,4.66343696648807,162.854478446144,125.912798095178,5.28090816629628,4.60980161140359,153.146336822592,124.464643507897,20.0507738445559,17.3683937900779,621.573989181233,468.946632332102,15.198572187173,11.7902735690035,440.758593428017,318.337386363096,TEST/DR3/FPKT0/SI2168,1.3325,1.5913,TEST/DR3/FPKT0/SX368,1.2369,1.5188,TRAIN/DR5/MTDP0/SI1521,0.2376,0.4919,BA,FALSE,i15576,l,uh,kcl,FPKT0,F,DR3,i15721,l,ae,kcl,FPKT0,F,DR3,i125529,l,uh,kcl,MTDP0,M,DR5,B3
t00000101594,4.10210818125302,3.11011957370709,114.859029075085,87.0833480637986,3.56961809987581,2.84414466421507,99.9493067965225,91.0126292548824,14.7271882998207,11.3821560888958,412.361272394979,318.700370489083,9.54602148605011,7.04895293248373,267.288601609403,218.517540906996,TRAIN/DR7/MGAW0/SX265,1.7825,2.0026,TRAIN/DR7/MGAW0/SX445,0.1305,0.2298,TRAIN/DR4/FKLC0/SX265,2.1514,2.42,AB,FALSE,i140753,w,uh,dx,MGAW0,M,DR7,i140453,w,ah,dx,MGAW0,M,DR7,i67789,w,uh,dx,FKLC0,F,DR4,B1
t00000101603,3.47108384999405,3.88082388541131,48.5951738999167,89.2589493644601,3.59829084704095,3.87595993005367,50.3760718585733,89.1470783912345,12.3521767073363,13.9341065599425,172.930473902709,320.484450878678,9.91796374561784,9.78376284942699,138.85149243865,225.026545536821,TRAIN/DR7/MGAW0/SX265,1.7825,2.0026,TRAIN/DR7/MGAW0/SX445,0.1305,0.2298,TEST/DR5/MCTT0/SI1144,0.2558,0.389,AB,FALSE,i140753,w,uh,dx,MGAW0,M,DR7,i140453,w,ah,dx,MGAW0,M,DR7,i25208,w,uh,dx,MCTT0,M,DR5,B2
t00000103030,4.34415017172181,5.69042405047576,91.227153606158,119.498905059991,4.19340393835131,3.3459708958157,79.6746748286749,73.6113597079455,15.729015361101,21.7061621854131,330.309322583122,434.123243708262,10.2121088662151,8.68283332385464,214.454286190518,191.022333124802,TRAIN/DR3/MPRD0/SX171,3.1758,3.3544,TRAIN/DR3/MPRD0/SX171,1.06,1.2369,TRAIN/DR6/MESJ0/SI2039,2.6503,2.83,AB,FALSE,i69428,w,uh,z,MPRD0,M,DR3,i69412,w,ah,z,MPRD0,M,DR3,i156276,w,uh,z,MESJ0,M,DR6,B3
t00000101386,4.67087869787693,3.28248068788632,56.0505443745232,91.9094592608169,3.68053996129508,3.32545516908223,44.166479535541,93.1127447343025,17.829108199782,12.2296106480008,213.949298397384,342.429098144021,9.31240756288644,8.47723028069692,111.748890754637,237.362447859514,TRAIN/DR4/FKLC0/SX265,2.1514,2.42,TRAIN/DR4/FKLC0/SX445,0.135,0.2425,TRAIN/DR2/MWSB0/SX186,0.1102,0.2144,BA,FALSE,i67789,w,uh,dx,FKLC0,F,DR4,i67504,w,ah,dx,FKLC0,F,DR4,i106445,w,uh,dx,MWSB0,M,DR2,B1
t00000103029,4.30016159792165,4.50903451416719,94.6035551542762,99.1987593116783,3.91454633629717,3.45296184830015,86.1200193985377,75.9651606626032,15.8689614858781,16.4337833941205,349.117152689319,361.54323467065,10.4114662649876,8.39420148639629,229.052257829728,184.672432700718,TRAIN/DR3/MPRD0/SX171,3.1758,3.3544,TRAIN/DR3/MPRD0/SX171,1.06,1.2369,TRAIN/DR5/MEGJ0/SX3,0.436,0.6531,BA,FALSE,i69428,w,uh,z,MPRD0,M,DR3,i69412,w,ah,z,MPRD0,M,DR3,i128169,w,uh,z,MEGJ0,M,DR5,B2
t00000074514,5.81047362799118,6.76716053125632,69.7256835358941,128.57605009387,5.61958608883526,4.02896619803055,67.4350330660231,76.5503577625804,20.9788503326805,25.176098273451,251.746203992167,478.345867195569,13.8550224406662,11.9758750954659,166.260269287995,227.541626813853,TRAIN/DR7/MJFR0/SI1605,0.3,0.484,TRAIN/DR7/MJFR0/SI975,0.1475,0.2518,TRAIN/DR6/MSVS0/SI2198,0.1331,0.2425,BA,FALSE,i137042,b,uh,dx,MJFR0,M,DR7,i137100,b,ah,dx,MJFR0,M,DR7,i158904,b,uh,dx,MSVS0,M,DR6,B3
t00000099683,5.36952962723154,4.65082553090986,139.60777030802,134.873940396386,3.40548854773965,2.696042034558,88.5427022412309,75.489176967624,20.4271626589018,17.7707362081161,531.106229131447,515.351350035366,10.678273998143,8.21379497517142,277.635123951718,238.200054279971,TEST/DR2/MTMR0/SX223,0.1425,0.2825,TEST/DR2/MTMR0/SX133,0.1382,0.2558,TRAIN/DR3/MTLB0/SI504,0.4325,0.6814,AB,FALSE,i17453,p,uh,tcl,MTMR0,M,DR2,i17324,p,iy,tcl,MTMR0,M,DR2,i73053,p,uh,tcl,MTLB0,M,DR3,B1
t00000020164,4.97415316741866,4.71831587265772,119.379676018048,122.676212689101,4.02380818580082,4.23468935401924,96.5713964592197,101.632544496462,18.7756874636695,17.2056950825083,450.616499128067,447.348072145215,10.477950107112,11.9462361903682,251.470802570688,286.709668568837,TRAIN/DR8/MBSB0/SX273,1.3263,1.5248,TRAIN/DR8/MBSB0/SI1353,1.2519,1.4194,TEST/DR4/FNMR0/SX229,0.3211,0.5456,AB,FALSE,i177848,l,uh,k,MBSB0,M,DR8,i177706,l,iy,k,MBSB0,M,DR8,i816,l,uh,k,FNMR0,F,DR4,B2
t00000015229,6.38535686999003,4.89351185138054,134.092494269791,102.763748878991,5.79231723099397,4.37822916323737,121.638661850873,91.9428124279847,23.4014750541144,17.5986384171537,491.430976136403,369.571406760229,16.0666549386981,11.7632286192935,337.39975371266,247.027801005164,TRAIN/DR7/MDLM0/SX424,1.5613,1.6762,TRAIN/DR7/MDLM0/SX244,1.1619,1.3369,TRAIN/DR3/FDJH0/SI935,0.2112,0.4094,AB,FALSE,i137357,r,uh,k,MDLM0,M,DR7,i137229,r,iy,k,MDLM0,M,DR7,i88825,r,uh,k,FDJH0,F,DR3,B3
t00000099557,8.51888930029288,7.45458112075652,153.340007405272,164.000784656643,3.97825991325716,3.50844041969231,71.6086784386289,66.6603679741539,27.1100724657032,26.6030499778208,569.311521779766,611.870149489877,11.9795755472426,10.2639669962899,251.571086492095,236.071240914668,TEST/DR7/MRPC0/SX223,0.1305,0.2725,TEST/DR7/MRPC0/SX133,0.1275,0.2765,TRAIN/DR3/MVJH0/SI926,0.4025,0.5744,BA,FALSE,i33941,p,uh,tcl,MRPC0,M,DR7,i33866,p,iy,tcl,MRPC0,M,DR7,i79579,p,uh,tcl,MVJH0,M,DR3,B1
t00000099548,5.37255671995501,3.12737058871137,91.3334642392351,59.4200411855161,3.83324432465355,2.82022228431633,65.1651535191103,47.9437788333777,20.3716123455466,11.9838325971831,346.317409874292,227.692819346479,13.106649799727,7.42808048268113,235.919696395086,133.70544868826,TEST/DR7/MRPC0/SX223,0.1305,0.2725,TEST/DR7/MRPC0/SX133,0.1275,0.2765,TEST/DR6/MJFC0/SX223,0.1381,0.2975,BA,FALSE,i33941,p,uh,tcl,MRPC0,M,DR7,i33866,p,iy,tcl,MRPC0,M,DR7,i39264,p,uh,tcl,MJFC0,M,DR6,B2
t00000099494,5.4049975496403,4.63319081047397,145.934933840288,125.096151882797,3.70227859685229,3.25751985743263,96.2592435181595,87.9530361506809,20.3397084726161,17.652179279098,549.172128760635,476.608840535645,10.8361811545289,9.13935716867943,292.576891172281,237.623286385665,TEST/DR6/MJFC0/SX223,0.1381,0.2975,TEST/DR6/MJFC0/SX133,0.1388,0.2756,TRAIN/DR3/MTLB0/SI504,0.4325,0.6814,BA,FALSE,i39264,p,uh,tcl,MJFC0,M,DR6,i39212,p,iy,tcl,MJFC0,M,DR6,i73053,p,uh,tcl,MTLB0,M,DR3,B3
t00000000009,3.67736250158638,3.34388918883416,154.449225066628,103.660564853859,2.95733549533304,3.10624399397276,124.208090803988,96.2935638131556,13.7491660609046,12.3097686816131,577.464974557992,381.602829130005,7.47481993666425,7.58870586624945,313.942437339899,235.249881853733,TEST/DR3/MWJG0/SI1124,1.3275,1.6292,TEST/DR3/MWJG0/SI1754,1.4625,1.8675,TRAIN/DR2/MSAT0/SX86,1.5075,1.6825,AB,FALSE,i14632,f,uh,l,MWJG0,M,DR3,i14521,f,uw,l,MWJG0,M,DR3,i109407,f,uh,l,MSAT0,M,DR2,B1
t00000000005,4.04171263324753,3.03582458793335,169.751930596396,106.253860577667,3.5388377685134,2.89347964756263,148.631186277563,101.271787664692,15.2542209184063,11.1916391442685,640.677278573064,391.707370049397,9.6637752724339,7.49133850353143,405.878561442224,262.1968476236,TEST/DR3/MWJG0/SI1124,1.3275,1.6292,TEST/DR3/MWJG0/SI1754,1.4625,1.8675,TRAIN/DR4/MLJC0/SX325,0.2675,0.5878,AB,FALSE,i14632,f,uh,l,MWJG0,M,DR3,i14521,f,uw,l,MWJG0,M,DR3,i54357,f,uh,l,MLJC0,M,DR4,B2
t00000000002,4.22397496507145,3.70050764238975,177.406948533001,114.715736914082,3.64995458198682,3.29535676396886,153.298092443446,102.156059683035,15.4856413489763,13.6652163321792,650.396936657006,423.621706297555,9.73222181367193,8.69642350209845,408.753316174221,269.589128565052,TEST/DR3/MWJG0/SI1124,1.3275,1.6292,TEST/DR3/MWJG0/SI1754,1.4625,1.8675,TEST/DR1/FDAC1/SX124,2.0975,2.3994,AB,FALSE,i14632,f,uh,l,MWJG0,M,DR3,i14521,f,uw,l,MWJG0,M,DR3,i44123,f,uh,l,FDAC1,F,DR1,B3
t00000000006,4.04878181655449,3.29169714806394,170.048836295289,102.042611589982,3.13450467649638,2.87093385806423,131.649196412848,88.998949599991107,15.2998932165446,12.1082658629338,642.595515094872,375.356241750947,8.45048744281189,6.65734944992612,354.920472598099,206.37783294771,TEST/DR3/MWJG0/SI1124,1.3275,1.6292,TEST/DR3/MWJG0/SI1754,1.4625,1.8675,TRAIN/DR3/MLNS0/SI777,1.1326,1.3694,BA,FALSE,i14632,f,uh,l,MWJG0,M,DR3,i14521,f,uw,l,MWJG0,M,DR3,i83173,f,uh,l,MLNS0,M,DR3,B1
t00000000004,5.03040382897315,4.18147342234107,211.276960816872,129.625676092573,2.78897432583109,2.80664799684731,117.136921684906,87.0060879022667,17.9490789243019,14.8458869276535,753.861314820681,460.222494757259,8.3313846916852,8.62465928252812,349.918157050778,267.364437758372,TEST/DR3/MWJG0/SI1124,1.3275,1.6292,TEST/DR3/MWJG0/SI1754,1.4625,1.8675,TRAIN/DR2/MJMA0/SX325,0.2075,0.4595,BA,FALSE,i14632,f,uh,l,MWJG0,M,DR3,i14521,f,uw,l,MWJG0,M,DR3,i95019,f,uh,l,MJMA0,M,DR2,B2
t00000000007,7.90982231459897,6.28872969552021,332.212537213157,226.394269038728,3.85356967965264,3.83063106152681,161.849926545411,126.410825030385,29.2180611078136,21.7304277632453,1227.15856652817,825.75625500332,11.1890094019565,10.0492795586995,469.938394882173,381.872623230581,TEST/DR3/MWJG0/SI1124,1.3275,1.6292,TEST/DR3/MWJG0/SI1754,1.4625,1.8675,TRAIN/DR6/MRMB0/SI2211,0.5248,0.8382,BA,FALSE,i14632,f,uh,l,MWJG0,M,DR3,i14521,f,uw,l,MWJG0,M,DR3,i158068,f,uh,l,MRMB0,M,DR6,B3
t00000076038,4.7487453887477,4.65013248856216,94.9749077749541,111.603179725492,3.72358567980185,3.54085596409488,74.471713596037,77.8988312100874,17.9437038300663,17.6638076313966,358.874076601327,423.931383153518,11.7481392885329,9.21646138334288,246.71092505919,230.411534583572,TRAIN/DR2/FCAJ0/SX309,0.3202,0.5326,TRAIN/DR2/FCAJ0/SX219,0.5091,0.7023,TRAIN/DR7/MAFM0/SX309,0.3025,0.4782,AB,FALSE,i96459,r,uw,f,FCAJ0,F,DR2,i96493,r,aa,f,FCAJ0,F,DR2,i134332,r,uw,f,MAFM0,M,DR7,B1
t00000076213,6.6049121980784,3.67578142157085,138.703156159647,69.8398470098461,4.42381939191523,3.47080825863549,92.9002072302199,65.9453569140743,24.644051793861,13.4931617229318,517.525087671081,256.370072735704,12.482082188068,8.29663416445862,262.123725949427,165.932683289172,TRAIN/DR7/MAFM0/SX309,0.3025,0.4782,TRAIN/DR7/MAFM0/SX219,0.4044,0.5962,TEST/DR7/FTLH0/SX289,0.4875,0.653,AB,FALSE,i134332,r,uw,f,MAFM0,M,DR7,i134365,r,aa,f,MAFM0,M,DR7,i38586,r,uw,f,FTLH0,F,DR7,B2
t00000076043,5.70770181879018,4.8954463260516,114.154036375804,127.281604477342,4.37425590491485,4.44572755106688,87.4851180982969,97.8060061234713,20.930663054181,18.5620114422339,439.543924137801,482.612297498081,12.6789522433439,9.63000680965669,278.936949353566,250.380177051074,TRAIN/DR2/FCAJ0/SX309,0.3202,0.5326,TRAIN/DR2/FCAJ0/SX219,0.5091,0.7023,TRAIN/DR3/MHMR0/SX309,0.3325,0.5143,AB,FALSE,i96459,r,uw,f,FCAJ0,F,DR2,i96493,r,aa,f,FCAJ0,F,DR2,i73383,r,uw,f,MHMR0,M,DR3,B3
t00000076246,4.58753565656792,4.45268345451481,123.863462727334,124.675136726415,3.50313061650107,2.98156993465524,87.5782654125268,83.4839581703467,17.1155655230232,16.3208884126644,462.120269121627,456.984875554604,10.6843662361163,7.73934108400953,267.109155902908,216.701550352267,TRAIN/DR1/MRSO0/SX309,0.415,0.6788,TRAIN/DR1/MRSO0/SX219,0.525,0.7644,TRAIN/DR7/MAFM0/SX309,0.3025,0.4782,BA,FALSE,i176491,r,uw,f,MRSO0,M,DR1,i176548,r,aa,f,MRSO0,M,DR1,i134332,r,uw,f,MAFM0,M,DR7,B1
t00000076044,3.90470436529457,3.67835720689864,222.568148821791,209.666360793222,3.36028539729282,3.03489515151536,191.536267645691,172.989023636375,14.481417315257,13.8283328431335,825.440786969648,788.214972058611,10.0342830167669,9.62904810838654,571.954131955712,548.855742178033,TRAIN/DR2/FCAJ0/SX309,0.3202,0.5326,TRAIN/DR2/FCAJ0/SX219,0.5091,0.7023,TRAIN/DR2/MJAE0/SX264,2.1566,2.7175,BA,FALSE,i96459,r,uw,f,FCAJ0,F,DR2,i96493,r,aa,f,FCAJ0,F,DR2,i108433,r,uw,f,MJAE0,M,DR2,B2
t00000076042,5.52114843209214,5.09388988087441,242.930531012054,224.131154758474,3.27636626493211,3.38163302543231,144.160115657013,148.791853119022,20.0539978779052,18.3452365841493,882.375906627828,807.190409702569,9.94844731532763,10.0022602480014,437.731681874416,440.09945091206,TRAIN/DR2/FCAJ0/SX309,0.3202,0.5326,TRAIN/DR2/FCAJ0/SX219,0.5091,0.7023,TRAIN/DR7/MGSL0/SX264,2.3133,2.7425,BA,FALSE,i96459,r,uw,f,FCAJ0,F,DR2,i96493,r,aa,f,FCAJ0,F,DR2,i140112,r,uw,f,MGSL0,M,DR7,B3
t00000013296,4.58230282493049,3.99431455841797,183.29211299722,159.772582336719,4.72063254232386,4.35313475610464,188.825301692954,174.125390244186,16.6476174933584,14.6347900344593,665.904699734336,585.391601378371,12.9175196337954,9.67274756856131,516.700785351816,386.909902742453,TRAIN/DR2/FLMA0/SI1873,0.7533,0.9974,TRAIN/DR2/FLMA0/SI1873,2.4275,2.6579,TRAIN/DR6/MRXB0/SX325,0.5525,0.945,AB,FALSE,i96988,m,uw,n,FLMA0,F,DR2,i97014,m,ae,n,FLMA0,F,DR2,i159023,m,uw,n,MRXB0,M,DR6,B1
t00000052670,4.45970949825451,4.217381211304,120.412156452872,105.4345302826,4.53133202041283,4.00582557619328,113.283300510321,100.145639404832,16.5163244679557,15.4685141083288,445.940760634804,386.71285270822,13.2577254519474,11.0745044830068,331.443136298685,276.86261207517,TRAIN/DR1/MRCG0/SX438,3.5421,3.7441,TRAIN/DR1/MRCG0/SX438,1.7311,1.9679,TRAIN/DR3/MPRD0/SX441,0.8688,1.1075,AB,FALSE,i173563,r,uw,pcl,MRCG0,M,DR1,i173541,r,ae,pcl,MRCG0,M,DR1,i69270,r,uw,pcl,MPRD0,M,DR3,B2
t00000013294,4.21590033558702,3.81775757959063,143.340611409959,129.803757706082,4.58302963133203,4.35495426346935,155.823007465289,148.068444957958,15.4993398732901,14.1371573660584,526.977555691864,480.663350445987,11.9784729918001,9.61510614361308,407.268081721204,326.913608882845,TRAIN/DR2/FLMA0/SI1873,0.7533,0.9974,TRAIN/DR2/FLMA0/SI1873,2.4275,2.6579,TRAIN/DR3/MCEF0/SX325,0.5232,0.8475,AB,FALSE,i96988,m,uw,n,FLMA0,F,DR2,i97014,m,ae,n,FLMA0,F,DR2,i79275,m,uw,n,MCEF0,M,DR3,B3
t00000013293,4.76163640673836,4.74269621443752,138.087455795413,137.538190218688,4.85386349120236,4.84131793500168,140.762041244869,140.398220115049,17.9107270495173,18.0640399831522,519.411084436003,523.857159511414,11.9662966286639,10.2712697679943,347.022602231254,318.409362807823,TRAIN/DR2/FLMA0/SI1873,0.7533,0.9974,TRAIN/DR2/FLMA0/SI1873,2.4275,2.6579,TRAIN/DR7/FREH0/SX325,0.3775,0.6575,BA,FALSE,i96988,m,uw,n,FLMA0,F,DR2,i97014,m,ae,n,FLMA0,F,DR2,i142809,m,uw,n,FREH0,F,DR7,B1
t00000013295,4.81442349981038,4.28076597086398,163.690398993553,145.546043009375,4.80838964052846,4.83397282568589,163.485247777968,164.35507607332,17.5149907189906,15.7684385993189,595.50968444568,536.126912376844,13.8470090788545,10.9183047306236,470.798308681053,371.222360841203,TRAIN/DR2/FLMA0/SI1873,0.7533,0.9974,TRAIN/DR2/FLMA0/SI1873,2.4275,2.6579,TRAIN/DR2/MJMA0/SX325,0.4595,0.7885,BA,FALSE,i96988,m,uw,n,FLMA0,F,DR2,i97014,m,ae,n,FLMA0,F,DR2,i95022,m,uw,n,MJMA0,M,DR2,B2
t00000013297,5.70209086624024,6.41515036387836,176.764816853448,198.869661280229,5.2204186987163,4.94473151002762,161.832979660205,153.286676810856,21.0651225424994,24.1768456577261,653.018798817482,749.482215389508,13.8628507853578,13.9660314862191,429.748374346091,432.946976072793,TRAIN/DR2/FLMA0/SI1873,0.7533,0.9974,TRAIN/DR2/FLMA0/SI1873,2.4275,2.6579,TRAIN/DR6/MSMR0/SX325,0.436,0.7444,BA,FALSE,i96988,m,uw,n,FLMA0,F,DR2,i97014,m,ae,n,FLMA0,F,DR2,i165316,m,uw,n,MSMR0,M,DR6,B3
t00000014247,4.06413380278989,4.01944350403516,170.693619717175,168.816627169477,3.3428126925906,3.46167940111099,140.398133088805,145.390534846662,14.9797023634454,14.7126581541497,629.147499264705,617.931642474287,9.14004965095383,8.99008313178486,383.882085340061,377.583491534964,TEST/DR4/MKCL0/SI1091,1.81,2.0313,TEST/DR4/MKCL0/SI461,0.9762,1.2297,TRAIN/DR1/MRSO0/SX399,0.3498,0.76,AB,FALSE,i3396,s,uw,m,MKCL0,M,DR4,i3252,s,ah,m,MKCL0,M,DR4,i176649,s,uw,m,MRSO0,M,DR1,B1
t00000008306,3.15294772700152,3.11630226441799,110.353170445053,137.117299634392,3.30321818693454,3.14795259155321,115.612636542709,122.770151070575,11.833183302554,13.029514207825,414.161415589392,508.151054105176,8.41487837014443,6.8946529652923,294.520742955055,317.154036403446,TEST/DR5/MRPP0/SI554,3.7222,4.1025,TEST/DR5/MRPP0/SX104,1.2402,1.3825,TEST/DR2/MGWT0/SI2169,4.8172,5.1581,AB,FALSE,i31939,r,uw,m,MRPP0,M,DR5,i32054,r,ah,m,MRPP0,M,DR5,i19434,r,uw,m,MGWT0,M,DR2,B2
t00000011709,4.26469444379616,4.0624950543162,166.32308330805,215.312237878758,4.90125178157279,3.64908759271256,166.642560573475,193.401642413766,15.8911547176337,15.3278859529063,619.755033987713,812.377955504035,11.4440642375905,10.1509283542609,434.874441028437,537.999202775825,TRAIN/DR5/FEXM0/SA1,1.6892,2.2089,TRAIN/DR5/FEXM0/SX111,0.4542,0.7806,TEST/DR5/MLIH0/SA1,0.985,1.2793,AB,FALSE,i123967,s,uw,q,FEXM0,F,DR5,i124024,s,ah,q,FEXM0,F,DR5,i31429,s,uw,q,MLIH0,M,DR5,B3
t00000008314,3.53432310968088,3.26469638932243,77.7551084129793,127.323159183575,4.05784261561225,3.46833216066361,89.2725375434695,135.264954265881,12.9467862191593,11.7623145356604,284.829296821505,458.730266890756,8.86039677705244,8.71142101959584,194.928729095154,339.745419764238,TEST/DR5/MRPP0/SI554,3.7222,4.1025,TEST/DR5/MRPP0/SX104,1.2402,1.3825,TEST/DR2/MPGL0/SI1729,1.6292,1.8375,BA,FALSE,i31939,r,uw,m,MRPP0,M,DR5,i32054,r,ah,m,MRPP0,M,DR5,i20813,r,uw,m,MPGL0,M,DR2,B1
t00000011712,4.969396266763,3.28879077079318,248.46981333815,190.749864706005,4.95672262443106,3.43485729960586,223.052518099398,182.04743687911,18.7015770623727,12.0934736002452,935.078853118633,713.514942414467,12.4070226928894,8.4139788805811,620.35113464447,454.354859551379,TRAIN/DR5/FEXM0/SA1,1.6892,2.2089,TRAIN/DR5/FEXM0/SX111,0.4542,0.7806,TRAIN/DR5/MWEM0/SA1,1.1411,1.5825,BA,FALSE,i123967,s,uw,q,FEXM0,F,DR5,i124024,s,ah,q,FEXM0,F,DR5,i114966,s,uw,q,MWEM0,M,DR5,B2
t00000014562,3.35580074121561,3.69146736458083,120.808826683762,155.041629312395,3.49262834759368,2.64465013381655,118.749363818185,111.075305620295,12.5122006689173,13.6643586488865,437.927023412104,573.903063253235,8.92843197481287,7.52782570505535,312.49511911845,316.168679612325,TRAIN/DR1/MRSO0/SX399,0.3498,0.76,TRAIN/DR1/MRSO0/SI1659,0.1356,0.4621,TRAIN/DR3/MKLS1/SX375,2.5946,2.8742,BA,FALSE,i176649,s,uw,m,MRSO0,M,DR1,i176519,s,ah,m,MRSO0,M,DR1,i90707,s,uw,m,MKLS1,M,DR3,B3
t00000000011,5.31817518715688,5.9317276308275,186.136131550491,249.132560494755,3.23212680310733,3.28695958982339,113.124438108757,138.052302772582,19.5922716981843,21.7396487555257,685.72950943645,913.065247732077,10.1413349277619,9.49309451616306,354.946722471667,398.709969678849,TEST/DR3/MWJG0/SI1754,1.4625,1.8675,TEST/DR3/MWJG0/SI1124,1.3275,1.6292,TEST/DR1/FAKS0/SI2203,2.5231,2.8612,AB,FALSE,i14521,f,uw,l,MWJG0,M,DR3,i14632,f,uh,l,MWJG0,M,DR3,i42931,f,uw,l,FAKS0,F,DR1,B1
t00000000012,3.63869185577947,4.40370347525912,130.992906808061,193.762952911401,4.10681026290516,4.54215774084573,143.738359201681,190.770625115521,13.1842914655028,16.7224996594444,474.634492758101,719.06748535611,10.346664464007,11.6013675792611,372.479920704252,487.257438328966,TEST/DR3/MWJG0/SI1754,1.4625,1.8675,TEST/DR3/MWJG0/SI1124,1.3275,1.6292,TRAIN/DR1/FSAH0/SI1874,1.8525,2.1932,AB,FALSE,i14521,f,uw,l,MWJG0,M,DR3,i14632,f,uh,l,MWJG0,M,DR3,i169387,f,uw,l,FSAH0,F,DR1,B2
t00000000015,3.2999513946319,3.47985301034526,135.298007179908,146.153826434501,3.11691059571746,3.10788788478143,118.442602637263,130.53129116082,13.1979194841075,12.8669365440353,501.520940396084,540.411334849484,8.85842292676827,8.65725522911534,336.620071217194,363.604719622844,TEST/DR3/MWJG0/SI1754,1.4625,1.8675,TEST/DR3/MWJG0/SI1124,1.3275,1.6292,TEST/DR3/MMJR0/SI2166,1.857,2.2325,AB,FALSE,i14521,f,uw,l,MWJG0,M,DR3,i14632,f,uh,l,MWJG0,M,DR3,i11783,f,uw,l,MMJR0,M,DR3,B3
t00000000014,3.89543640779551,5.18874679410565,120.758528641661,217.927365352437,3.64799205869929,3.79354721442368,113.087753819678,159.328983005795,14.6524215102014,19.8735883727511,454.225066816244,834.690711655546,8.10660233199095,10.045066614691,251.30467229172,421.892797817023,TEST/DR3/MWJG0/SI1754,1.4625,1.8675,TEST/DR3/MWJG0/SI1124,1.3275,1.6292,TRAIN/DR7/MJRA0/SI1236,0.8746,1.1436,BA,FALSE,i14521,f,uw,l,MWJG0,M,DR3,i14632,f,uh,l,MWJG0,M,DR3,i142431,f,uw,l,MJRA0,M,DR7,B1
t00000000013,4.86403085005012,4.56931792209856,155.648987201604,191.91135272814,3.2875983706688,3.46265327804793,138.079131568089,148.894090956061,18.6447685006043,17.4658910647808,596.632592019338,733.567424720793,8.7352268457301,9.14354805875073,375.614754366394,411.459662643783,TEST/DR3/MWJG0/SI1754,1.4625,1.8675,TEST/DR3/MWJG0/SI1124,1.3275,1.6292,TRAIN/DR4/MJJJ0/SI533,0.7775,1.0925,BA,FALSE,i14521,f,uw,l,MWJG0,M,DR3,i14632,f,uh,l,MWJG0,M,DR3,i59850,f,uw,l,MJJJ0,M,DR4,B2
t00000000016,3.36696066271508,4.82132896460341,121.210583857743,202.495816513343,3.45333127968436,3.7484662008097702,107.053269670215,157.43558043401,12.2770165925636,17.6841368960624,441.972597332291,742.733749634621,9.196361056497,9.91474711769219,303.479914864401,416.419378943072,TEST/DR3/MWJG0/SI1754,1.4625,1.8675,TEST/DR3/MWJG0/SI1124,1.3275,1.6292,TRAIN/DR4/MTRT0/SI1857,1.6925,1.985,BA,FALSE,i14521,f,uw,l,MWJG0,M,DR3,i14632,f,uh,l,MWJG0,M,DR3,i65224,f,uw,l,MTRT0,M,DR4,B3
