tripletid,file_X,onset_X,offset_X,phoneitem_id_X,phone1_X,phone3_X,talker_X,sex_X,dialect_X,phone_X,distance_OTH,dialect_OTH,file_OTH,offset_OTH,onset_OTH,phone1_OTH,phone3_OTH,phoneitem_id_OTH,sex_OTH,talker_OTH,phone_OTH,distance_TGT,dialect_TGT,file_TGT,offset_TGT,onset_TGT,phone1_TGT,phone3_TGT,phoneitem_id_TGT,sex_TGT,talker_TGT,phone_TGT
t00000050941,TEST/DR5/MBPM0/SX47,0.115,0.3816,i30731,m,m,MBPM0,M,DR5,aa,759.660975718445,DR6,TRAIN/DR6/FHXS0/SX355,2.4421,2.2036,m,m,i161117,F,FHXS0,ae,599.584226632512,DR6,TRAIN/DR6/FHXS0/SI2335,2.3586,2.0689,m,m,i161067,F,FHXS0,aa
t00000105620,TRAIN/DR7/MKDB0/SX62,0.3275,0.5511,i140961,k,n,MKDB0,M,DR7,aa,520.331766951834,DR7,TRAIN/DR7/MTML0/SX75,0.8334,0.6206,k,n,i146038,M,MTML0,ae,426.696064078023,DR7,TRAIN/DR7/MTML0/SX435,1.8589,1.5925,k,n,i145924,M,MTML0,aa
t00000105963,TRAIN/DR6/MSAT1/SX353,0.1939,0.4825,i165116,k,n,MSAT1,M,DR6,aa,823.747323428879,DR7,TRAIN/DR7/MJFR0/SX75,0.9286,0.6725,k,n,i137166,M,MJFR0,ae,1201.28477710918,DR7,TRAIN/DR7/MJFR0/SX435,2.7287,2.2425,k,n,i137024,M,MJFR0,aa
t00000095760,TRAIN/DR4/MLJC0/SX55,0.8789,1.0684,i54456,k,m,MLJC0,M,DR4,aa,538.60732698487,DR2,TRAIN/DR2/FJKL0/SX392,1.1566,0.9347,k,m,i90972,F,FJKL0,ae,566.850227186542,DR2,TRAIN/DR2/FJKL0/SI932,2.4759,2.1825,k,m,i90917,F,FJKL0,aa
t00000075973,TEST/DR4/MBNS0/SX50,0.4934,0.7258,i7672,r,f,MBNS0,M,DR4,aa,450.839696421835,DR4,TRAIN/DR4/MARW0/SX286,2.3089,2.06,r,f,i56707,M,MARW0,ae,337.231199816019,DR4,TRAIN/DR4/MARW0/SI646,1.5825,1.3325,r,f,i56898,M,MARW0,aa
t00000000425,TEST/DR1/FDAC1/SX304,1.0802,1.53,i44329,t,k,FDAC1,F,DR1,aa,896.841159533926,DR6,TEST/DR6/FLNH0/SI584,0.7519,0.4804,t,k,i40196,F,FLNH0,ae,1236.09220090932,DR6,TEST/DR6/FLNH0/SI941,4.1225,3.7991,t,k,i40162,F,FLNH0,aa
t00000017157,TRAIN/DR2/MDWD0/SA1,0.6525,0.8525,i99043,d,r,MDWD0,M,DR2,aa,552.685477549101,DR7,TRAIN/DR7/FBLV0/SX338,2.2167,2.0341,d,r,i136059,F,FBLV0,ah,357.473055299875,DR7,TRAIN/DR7/FBLV0/SA1,0.9321,0.6971,d,r,i136018,F,FBLV0,aa
t00000098530,TRAIN/DR5/FSKP0/SX288,0.7425,1.0757,i124645,k,m,FSKP0,F,DR5,aa,848.2321091766,DR1,TEST/DR1/FELC0/SX306,1.5324,1.2825,k,m,i44051,F,FELC0,ah,787.861592072818,DR1,TEST/DR1/FELC0/SX36,1.2896,1.0025,k,m,i43806,F,FELC0,aa
t00000012734,TEST/DR4/FJMG0/SX101,3.4925,3.765,i3801,hh,l,FJMG0,F,DR4,aa,680.085992599838,DR7,TRAIN/DR7/MRMG0/SX360,2.8475,2.48,hh,l,i151280,M,MRMG0,ah,653.515796592777,DR7,TRAIN/DR7/MRMG0/SX270,0.6434,0.3968,hh,l,i151284,M,MRMG0,aa
t00000007711,TRAIN/DR2/MTAT1/SX419,2.1436,2.4912,i96192,w,tcl,MTAT1,M,DR2,aa,650.061163298568,DR7,TRAIN/DR7/MSAH1/SI2309,1.6332,1.5369,w,tcl,i146153,M,MSAH1,ah,688.502193296343,DR7,TRAIN/DR7/MSAH1/SX419,1.7856,1.5718,w,tcl,i146182,M,MSAH1,aa
t00000051162,TRAIN/DR6/FPAD0/SX446,0.1843,0.3672,i157507,t,m,FPAD0,F,DR6,aa,554.654665945547,DR2,TRAIN/DR2/MRJT0/SI1498,1.5931,1.3707,t,m,i94766,M,MRJT0,ah,756.535889895443,DR2,TRAIN/DR2/MRJT0/SX328,1.239,0.8511,t,m,i94988,M,MRJT0,aa
t00000100328,TRAIN/DR2/MDEM0/SA1,3.0858,3.2625,i100768,w,dx,MDEM0,M,DR2,aa,357.516971549326,DR3,TEST/DR3/FCMH0/SI2084,0.2675,0.135,w,dx,i11036,F,FCMH0,ah,435.251091368916,DR3,TEST/DR3/FCMH0/SA1,2.8025,2.6141,w,dx,i11118,F,FCMH0,aa
t00000043753,TRAIN/DR4/MRAB1/SX308,2.4483,2.7,i62304,r,s,MRAB1,M,DR4,aa,388.734447295723,DR7,TRAIN/DR7/MBTH0/SA1,1.7188,1.4712,r,s,i139787,M,MBTH0,iy,311.914036475694,DR7,TRAIN/DR7/MBTH0/SX302,1.7169,1.4606,r,s,i139814,M,MBTH0,aa
t00000049930,TEST/DR2/FJWB0/SX95,0.2611,0.4875,i18576,w,n,FJWB0,F,DR2,aa,452.376132998666,DR2,TRAIN/DR2/MKAH0/SX178,2.8632,2.6559,w,n,i104488,M,MKAH0,iy,355.818148009785,DR2,TRAIN/DR2/MKAH0/SX88,2.63,2.4752,w,n,i104571,M,MKAH0,aa
t00000020635,TEST/DR3/MHPG0/SI1090,2.2325,2.4775,i14087,r,s,MHPG0,M,DR3,aa,690.389423535645,DR2,TRAIN/DR2/FJKL0/SI932,3.6681,3.4244,r,s,i90932,F,FJKL0,iy,477.160989227227,DR2,TRAIN/DR2/FJKL0/SX392,1.6846,1.4619,r,s,i90980,F,FJKL0,aa
t00000054803,TRAIN/DR4/FBAS0/SI2066,4.9025,5.3075,i63739,l,r,FBAS0,F,DR4,aa,857.235262230496,DR7,TRAIN/DR7/MTLC0/SA2,1.7467,1.5274,l,r,i152138,M,MTLC0,iy,723.160265009998,DR7,TRAIN/DR7/MTLC0/SI847,0.6225,0.3962,l,r,i152027,M,MTLC0,aa
t00000056359,TRAIN/DR3/MDNS0/SI1011,3.2087,3.4084,i68731,l,r,MDNS0,M,DR3,aa,392.505908077469,DR3,TRAIN/DR3/MMEB0/SA2,1.5222,1.3473,l,r,i75895,M,MMEB0,iy,327.480814509298,DR3,TRAIN/DR3/MMEB0/SI1357,3.5945,3.3775,l,r,i75946,M,MMEB0,aa
t00000061634,TEST/DR4/FSEM0/SX118,1.5175,1.7625,i8202,l,r,FSEM0,F,DR4,aa,568.582940100413,DR2,TEST/DR2/FCMR0/SA2,2.2898,2.0183,l,r,i20691,F,FCMR0,iy,442.5905863377,DR2,TEST/DR2/FCMR0/SX205,2.0966,1.8198,l,r,i20646,F,FCMR0,aa
t00000016458,TRAIN/DR3/MPRD0/SA1,0.7258,0.9925,i69523,d,r,MPRD0,M,DR3,aa,733.735405811521,DR3,TEST/DR3/MWJG0/SX224,1.3211,1.1462,d,r,i14480,M,MWJG0,uh,539.186595915722,DR3,TEST/DR3/MWJG0/SA1,0.8825,0.6475,d,r,i14589,M,MWJG0,aa
t00000015559,TEST/DR2/MABW0/SA1,0.6118,0.8277,i22765,d,r,MABW0,M,DR2,aa,515.651198753777,DR5,TRAIN/DR5/FSJG0/SI940,0.3759,0.1369,d,r,i113355,F,FSJG0,uh,545.61816470341,DR5,TRAIN/DR5/FSJG0/SA1,1.4725,1.1093,d,r,i113558,F,FSJG0,aa
t00000015731,TRAIN/DR7/MJJM0/SA1,0.5125,0.69,i153735,d,r,MJJM0,M,DR7,aa,482.394028589863,DR5,TRAIN/DR5/FSJG0/SI940,0.3759,0.1369,d,r,i113355,F,FSJG0,uh,608.510868000718,DR5,TRAIN/DR5/FSJG0/SA1,1.4725,1.1093,d,r,i113558,F,FSJG0,aa
t00000100193,TRAIN/DR3/FLJD0/SA1,2.055,2.2575,i89668,w,dx,FLJD0,F,DR3,aa,394.885089975711,DR2,TEST/DR2/MRCZ0/SI2171,0.8975,0.77,w,dx,i17269,M,MRCZ0,uh,378.548594790935,DR2,TEST/DR2/MRCZ0/SA1,2.5675,2.355,w,dx,i17177,M,MRCZ0,aa
t00000015535,TRAIN/DR1/FSJK1/SA1,0.6527,0.9295,i172703,d,r,FSJK1,F,DR1,aa,799.814999290436,DR5,TRAIN/DR5/FSJG0/SI940,0.3759,0.1369,d,r,i113355,F,FSJG0,uh,550.853088869329,DR5,TRAIN/DR5/FSJG0/SA1,1.4725,1.1093,d,r,i113558,F,FSJG0,aa
t00000016526,TRAIN/DR7/MSAH1/SA1,0.6175,0.7792,i146311,d,r,MSAH1,M,DR7,aa,362.017129608241,DR3,TEST/DR3/MWJG0/SX224,1.3211,1.1462,d,r,i14480,M,MWJG0,uh,278.282848344699,DR3,TEST/DR3/MWJG0/SA1,0.8825,0.6475,d,r,i14589,M,MWJG0,aa
t00000017958,TRAIN/DR2/FMMH0/SA1,0.8459,1.0704,i93036,d,r,FMMH0,F,DR2,aa,909.630321487295,DR2,TRAIN/DR2/MRFK0/SI2336,1.4517,1.0075,d,r,i110840,M,MRFK0,uw,388.385819645167,DR2,TRAIN/DR2/MRFK0/SA1,0.8041,0.5525,d,r,i110901,M,MRFK0,aa
t00000017994,TRAIN/DR2/FSKL0/SA1,0.5509,0.7519,i97517,d,r,FSKL0,F,DR2,aa,1361.262222615,DR2,TRAIN/DR2/MRFK0/SI2336,1.4517,1.0075,d,r,i110840,M,MRFK0,uw,656.020301651203,DR2,TRAIN/DR2/MRFK0/SA1,0.8041,0.5525,d,r,i110901,M,MRFK0,aa
t00000018167,TRAIN/DR4/MJDC0/SA1,0.6606,0.9008,i59215,d,r,MJDC0,M,DR4,aa,889.792823374678,DR2,TRAIN/DR2/MRFK0/SI2336,1.4517,1.0075,d,r,i110840,M,MRFK0,uw,450.634254354955,DR2,TRAIN/DR2/MRFK0/SA1,0.8041,0.5525,d,r,i110901,M,MRFK0,aa
t00000017936,TRAIN/DR5/FLJA0/SA1,1.2755,1.5324,i123397,d,r,FLJA0,F,DR5,aa,939.86942535591,DR2,TRAIN/DR2/MRFK0/SI2336,1.4517,1.0075,d,r,i110840,M,MRFK0,uw,441.444896636979,DR2,TRAIN/DR2/MRFK0/SA1,0.8041,0.5525,d,r,i110901,M,MRFK0,aa
t00000018118,TRAIN/DR2/MEFG0/SA1,0.6971,0.9321,i92714,d,r,MEFG0,M,DR2,aa,925.94460630305,DR2,TRAIN/DR2/MRFK0/SI2336,1.4517,1.0075,d,r,i110840,M,MRFK0,uw,552.51651067106,DR2,TRAIN/DR2/MRFK0/SA1,0.8041,0.5525,d,r,i110901,M,MRFK0,aa
t00000018285,TEST/DR7/MNLS0/SA1,0.6275,0.8475,i37946,d,r,MNLS0,M,DR7,aa,986.644495025151,DR2,TRAIN/DR2/MRFK0/SI2336,1.4517,1.0075,d,r,i110840,M,MRFK0,uw,442.179020305912,DR2,TRAIN/DR2/MRFK0/SA1,0.8041,0.5525,d,r,i110901,M,MRFK0,aa
t00000086662,TRAIN/DR8/FNKL0/SA2,1.4987,1.859,i177272,r,g,FNKL0,F,DR8,ae,750.634482541344,DR3,TRAIN/DR3/FGCS0/SX136,1.2238,1.0074,r,g,i78954,F,FGCS0,aa,510.354416403475,DR3,TRAIN/DR3/FGCS0/SA2,2.8356,2.5143,r,g,i79096,F,FGCS0,ae
t00000102551,TRAIN/DR6/FRJB0/SA2,0.78,1.0626,i164360,k,r,FRJB0,F,DR6,ae,609.649011508495,DR6,TRAIN/DR6/FKLC1/SX328,1.8929,1.6866,k,r,i166180,F,FKLC1,aa,506.214644007353,DR6,TRAIN/DR6/FKLC1/SA2,1.0939,0.7925,k,r,i166085,F,FKLC1,ae
t00000102457,TRAIN/DR1/FSMA0/SA2,0.8575,1.1694,i174735,k,r,FSMA0,F,DR1,ae,725.638475944139,DR6,TRAIN/DR6/FHXS0/SI1075,3.105,2.6834,k,r,i161023,F,FHXS0,aa,617.765327461326,DR6,TRAIN/DR6/FHXS0/SA2,1.1932,0.8175,k,r,i161180,F,FHXS0,ae
t00000095506,TEST/DR4/MKCL0/SA2,1.6318,1.9875,i3345,r,g,MKCL0,M,DR4,ae,575.4401686746,DR4,TRAIN/DR4/MSFH0/SX136,1.3025,1.0679,r,g,i64411,M,MSFH0,aa,476.982836452882,DR4,TRAIN/DR4/MSFH0/SA2,2.7325,2.3159,r,g,i64557,M,MSFH0,ae
t00000091237,TRAIN/DR4/FPAF0/SA2,1.6073,1.9256,i65663,r,g,FPAF0,F,DR4,ae,645.684172414884,DR2,TRAIN/DR2/MMAG0/SX136,1.2325,1.0075,r,g,i109578,M,MMAG0,aa,595.824753138029,DR2,TRAIN/DR2/MMAG0/SA2,1.9895,1.5822,r,g,i109725,M,MMAG0,ae
t00000105479,TRAIN/DR6/MTJU0/SI760,0.4475,0.721,i156382,k,n,MTJU0,M,DR6,ae,537.53670964401,DR7,TRAIN/DR7/MTML0/SX435,1.8589,1.5925,k,n,i145924,M,MTML0,aa,752.794954095655,DR7,TRAIN/DR7/MTML0/SX75,0.8334,0.6206,k,n,i146038,M,MTML0,ae
t00000089910,TRAIN/DR2/MHRM0/SA2,1.4313,1.6894,i94235,r,g,MHRM0,M,DR2,ae,523.056076238048,DR8,TEST/DR8/MSLB0/SX383,2.4337,2.1625,r,g,i47688,M,MSLB0,ah,604.07863071352,DR8,TEST/DR8/MSLB0/SA2,1.9475,1.5561,r,g,i47796,M,MSLB0,ae
t00000092931,TRAIN/DR5/MMAB1/SA2,1.6475,2.0651,i119384,r,g,MMAB1,M,DR5,ae,775.302497380128,DR1,TEST/DR1/MWBT0/SX383,3.5475,3.1302,r,g,i43317,M,MWBT0,ah,647.754903296366,DR1,TEST/DR1/MWBT0/SA2,2.1152,1.6919,r,g,i43355,M,MWBT0,ae
t00000082910,TEST/DR2/FCMR0/SA2,2.1619,2.5613,i20693,r,g,FCMR0,F,DR2,ae,699.342811426252,DR8,TRAIN/DR8/FCEG0/SX78,1.1904,1.0213,r,g,i178846,F,FCEG0,ah,659.119950729726,DR8,TRAIN/DR8/FCEG0/SA2,1.7803,1.5012,r,g,i178923,F,FCEG0,ae
t00000082998,TRAIN/DR8/FMBG0/SA2,1.6553,1.9425,i179231,r,g,FMBG0,F,DR8,ae,485.532227250288,DR8,TRAIN/DR8/FCEG0/SX78,1.1904,1.0213,r,g,i178846,F,FCEG0,ah,414.789331911266,DR8,TRAIN/DR8/FCEG0/SA2,1.7803,1.5012,r,g,i178923,F,FCEG0,ae
t00000086372,TRAIN/DR2/MKDT0/SA2,1.5378,1.8788,i91672,r,g,MKDT0,M,DR2,ae,635.03170244619,DR2,TRAIN/DR2/MJDE0/SI463,1.8,1.4025,r,g,i94406,M,MJDE0,ah,787.858444819201,DR2,TRAIN/DR2/MJDE0/SA2,2.6775,2.1825,r,g,i94539,M,MJDE0,ae
t00000085583,TRAIN/DR3/FDFB0/SA2,1.4203,1.7486,i80514,r,g,FDFB0,F,DR3,ae,611.109057187229,DR3,TRAIN/DR3/MKLS1/SI915,4.2038,3.8324,r,g,i90796,M,MKLS1,ah,531.219965541683,DR3,TRAIN/DR3/MKLS1/SA2,2.0469,1.6841,r,g,i90614,M,MKLS1,ae
t00000106709,TRAIN/DR5/FLMK0/SA2,2.5712,2.9075,i118785,dh,q,FLMK0,F,DR5,ae,890.566400772754,DR7,TEST/DR7/FGWR0/SX228,1.8794,1.7363,dh,q,i33474,F,FGWR0,iy,488.276692876032,DR7,TEST/DR7/FGWR0/SI2208,2.2481,2.0138,dh,q,i33291,F,FGWR0,ae
t00000051357,TRAIN/DR4/MJPM1/SA2,0.4225,0.7219,i56303,nx,s,MJPM1,M,DR4,ae,639.817975633806,DR5,TRAIN/DR5/MBGT0/SI1841,3.2769,3.0417,nx,s,i131533,M,MBGT0,iy,334.717481110577,DR5,TRAIN/DR5/MBGT0/SA2,0.6869,0.3725,nx,s,i131652,M,MBGT0,ae
t00000093723,TRAIN/DR3/FSKC0/SA2,1.8058,2.1256,i85857,r,g,FSKC0,F,DR3,ae,453.039385402713,DR5,TRAIN/DR5/MTAT0/SI811,1.1122,0.8975,r,g,i116152,M,MTAT0,iy,436.67881484975,DR5,TRAIN/DR5/MTAT0/SA2,1.765,1.4308,r,g,i116140,M,MTAT0,ae
t00000011609,TRAIN/DR2/MRJH0/SA2,2.0174,2.4288,i100371,dh,tcl,MRJH0,M,DR2,ae,827.92416330261,DR4,TRAIN/DR4/MJDC0/SI1161,0.4308,0.2475,dh,tcl,i59100,M,MJDC0,iy,603.623800804977,DR4,TRAIN/DR4/MJDC0/SA2,2.1514,1.7963,dh,tcl,i59207,M,MJDC0,ae
t00000076985,TRAIN/DR5/MGES0/SA2,0.2321,0.4593,i116410,n,s,MGES0,M,DR5,ae,723.220549917283,DR4,TEST/DR4/MTEB0/SX413,0.7662,0.445,n,s,i4038,M,MTEB0,iy,375.964605588,DR4,TEST/DR4/MTEB0/SA2,0.5544,0.295,n,s,i3932,M,MTEB0,ae
t00000011342,TRAIN/DR7/FREH0/SX325,1.3354,1.5411,i142821,dh,tcl,FREH0,F,DR7,ae,433.657618025035,DR4,TRAIN/DR4/MJDC0/SI1161,0.4308,0.2475,dh,tcl,i59100,M,MJDC0,iy,579.573537978114,DR4,TRAIN/DR4/MJDC0/SA2,2.1514,1.7963,dh,tcl,i59207,M,MJDC0,ae
t00000074840,TEST/DR2/FJRE0/SA1,0.2976,0.5041,i24198,hv,dcl,FJRE0,F,DR2,ae,408.259171561796,DR5,TRAIN/DR5/MWSH0/SI2266,0.9243,0.7232,hv,dcl,i126664,M,MWSH0,uh,388.077999118637,DR5,TRAIN/DR5/MWSH0/SA1,0.5681,0.3472,hv,dcl,i126711,M,MWSH0,ae
t00000076117,TRAIN/DR6/FLAG0/SX294,1.0809,1.4138,i158168,r,f,FLAG0,F,DR6,ae,825.855993871365,DR2,TRAIN/DR2/MCTM0/SI1980,4.0415,3.6629,r,f,i112277,M,MCTM0,uh,705.080574847744,DR2,TRAIN/DR2/MCTM0/SX450,3.0725,2.7356,r,f,i112217,M,MCTM0,ae
t00000075016,TEST/DR5/MDRB0/SI2109,1.6371,1.9375,i24593,hv,dcl,MDRB0,M,DR5,ae,471.49069447762,DR5,TRAIN/DR5/MWSH0/SI2266,0.9243,0.7232,hv,dcl,i126664,M,MWSH0,uh,586.29709258379,DR5,TRAIN/DR5/MWSH0/SI2266,1.36,0.9243,hv,dcl,i126667,M,MWSH0,ae
t00000074991,TEST/DR2/MDBB0/SA1,0.42,0.6866,i22448,hv,dcl,MDBB0,M,DR2,ae,453.902596802298,DR5,TRAIN/DR5/MWSH0/SI2266,0.9243,0.7232,hv,dcl,i126664,M,MWSH0,uh,471.797380566741,DR5,TRAIN/DR5/MWSH0/SA1,0.5681,0.3472,hv,dcl,i126711,M,MWSH0,ae
t00000075034,TEST/DR5/MFGK0/SA1,0.4075,0.6579,i29041,hv,dcl,MFGK0,M,DR5,ae,355.694426103765,DR5,TRAIN/DR5/MWSH0/SI2266,0.9243,0.7232,hv,dcl,i126664,M,MWSH0,uh,447.093867645555,DR5,TRAIN/DR5/MWSH0/SA1,0.5681,0.3472,hv,dcl,i126711,M,MWSH0,ae
t00000074962,TRAIN/DR7/MBOM0/SA1,0.3358,0.57,i148558,hv,dcl,MBOM0,M,DR7,ae,332.028747550071,DR5,TRAIN/DR5/MWSH0/SI2266,0.9243,0.7232,hv,dcl,i126664,M,MWSH0,uh,382.156859107681,DR5,TRAIN/DR5/MWSH0/SA1,0.5681,0.3472,hv,dcl,i126711,M,MWSH0,ae
t00000089319,TRAIN/DR7/MBML0/SA2,1.6025,1.9347,i152943,r,g,MBML0,M,DR7,ae,843.612868601253,DR1,TRAIN/DR1/FKFB0/SX438,4.3806,4.0895,r,g,i167505,F,FKFB0,uw,771.046262640677,DR1,TRAIN/DR1/FKFB0/SA2,2.3363,1.9282,r,g,i167472,F,FKFB0,ae
t00000104098,TEST/DR5/MBPM0/SI1584,2.1713,2.4101,i30835,t,s,MBPM0,M,DR5,ae,1308.97274905192,DR3,TEST/DR3/MLNT0/SI642,1.3028,0.8041,t,s,i16400,M,MLNT0,uw,873.33270743843,DR3,TEST/DR3/MLNT0/SX102,1.0052,0.5925,t,s,i16357,M,MLNT0,ae
t00000089322,TRAIN/DR7/MBTH0/SA2,1.6325,1.9641,i139749,r,g,MBTH0,M,DR7,ae,564.959347602212,DR1,TRAIN/DR1/FKFB0/SX438,4.3806,4.0895,r,g,i167505,F,FKFB0,uw,600.376482008618,DR1,TRAIN/DR1/FKFB0/SA2,2.3363,1.9282,r,g,i167472,F,FKFB0,ae
t00000089334,TRAIN/DR1/MCPM0/SA2,1.4201,1.7519,i176392,r,g,MCPM0,M,DR1,ae,668.297224933023,DR1,TRAIN/DR1/FKFB0/SX438,4.3806,4.0895,r,g,i167505,F,FKFB0,uw,659.247702849829,DR1,TRAIN/DR1/FKFB0/SA2,2.3363,1.9282,r,g,i167472,F,FKFB0,ae
t00000089383,TRAIN/DR3/MDWM0/SA2,1.7180000000000002,2.0987,i75220,r,g,MDWM0,M,DR3,ae,1005.9242540108,DR1,TRAIN/DR1/FKFB0/SX438,4.3806,4.0895,r,g,i167505,F,FKFB0,uw,834.940142655555,DR1,TRAIN/DR1/FKFB0/SA2,2.3363,1.9282,r,g,i167472,F,FKFB0,ae
t00000089519,TRAIN/DR2/MRAB0/SA2,1.4178,1.7415,i106936,r,g,MRAB0,M,DR2,ae,833.492897871933,DR1,TRAIN/DR1/FKFB0/SX438,4.3806,4.0895,r,g,i167505,F,FKFB0,uw,745.749988448701,DR1,TRAIN/DR1/FKFB0/SA2,2.3363,1.9282,r,g,i167472,F,FKFB0,ae
t00000099273,TEST/DR4/MKCL0/SI1721,0.145,0.3075,i3438,k,m,MKCL0,M,DR4,ah,555.140135319617,DR6,TRAIN/DR6/FRJB0/SI1470,0.6806,0.4308,k,m,i164186,F,FRJB0,aa,562.716223016576,DR6,TRAIN/DR6/FRJB0/SX167,2.2437,2.0174,k,m,i164323,F,FRJB0,ah
t00000097686,TRAIN/DR4/MSTF0/SX136,1.3625,1.6119,i60574,k,m,MSTF0,M,DR4,ah,369.174718274672,DR6,TEST/DR6/MRJS0/SX94,1.1151,0.8775,k,m,i39801,M,MRJS0,aa,429.874104011311,DR6,TEST/DR6/MRJS0/SI2074,0.4475,0.2525,k,m,i39868,M,MRJS0,ah
t00000103680,TRAIN/DR7/MTPR0/SX340,1.7981,1.9622,i152361,k,l,MTPR0,M,DR7,ah,459.987759646975,DR5,TRAIN/DR5/MSEM1/SX180,1.201,0.9325,k,l,i115412,M,MSEM1,aa,401.529240518202,DR5,TRAIN/DR5/MSEM1/SX90,1.8025,1.6051,k,l,i115399,M,MSEM1,ah
t00000098246,TEST/DR8/MDAW1/SI1453,2.2325,2.4675,i47527,k,m,MDAW1,M,DR8,ah,431.012064561814,DR8,TEST/DR8/MJTH0/SX36,1.0704,0.8275,k,m,i47946,M,MJTH0,aa,494.604043022727,DR8,TEST/DR8/MJTH0/SX306,1.4969,1.2725,k,m,i48103,M,MJTH0,ah
t00000096875,TEST/DR8/MJTH0/SX306,1.2725,1.4969,i48103,k,m,MJTH0,M,DR8,ah,422.655704551064,DR4,TRAIN/DR4/MMDM0/SX51,2.0625,1.8275,k,m,i48847,M,MMDM0,aa,620.184218075366,DR4,TRAIN/DR4/MMDM0/SX141,2.5125,2.2125,k,m,i48890,M,MMDM0,ah
t00000074657,TRAIN/DR4/MSMC0/SI509,1.8525,1.9475,i68611,b,dx,MSMC0,M,DR4,ah,560.509562417995,DR1,TRAIN/DR1/MWAR0/SI1675,0.5136,0.2,b,dx,i169695,M,MWAR0,aa,167.430784880319,DR1,TRAIN/DR1/MWAR0/SI1045,3.4722,3.36,b,dx,i169965,M,MWAR0,ah
t00000001209,TEST/DR8/MSLB0/SX113,0.1514,0.389,i47832,m,s,MSLB0,M,DR8,ah,620.591082549229,DR3,TRAIN/DR3/FALK0/SX96,0.3968,0.1225,m,s,i74025,F,FALK0,ae,478.229082558959,DR3,TRAIN/DR3/FALK0/SI1086,1.9325,1.6825,m,s,i74192,F,FALK0,ah
t00000094110,TEST/DR1/MWBT0/SX383,3.1302,3.5475,i43317,r,g,MWBT0,M,DR1,ah,661.58058033344,DR1,TRAIN/DR1/FKFB0/SA2,2.3363,1.9282,r,g,i167472,F,FKFB0,ae,680.819680250635,DR1,TRAIN/DR1/FKFB0/SX78,1.48,1.2644,r,g,i167354,F,FKFB0,ah
t00000014382,TEST/DR4/MLLL0/SI1363,1.7775,2.1044,i2724,s,m,MLLL0,M,DR4,ah,634.023355462198,DR7,TRAIN/DR7/MRMH0/SI2281,0.4336,0.1567,s,m,i138162,M,MRMH0,ae,522.223267388134,DR7,TRAIN/DR7/MRMH0/SI1349,0.9725,0.7415,s,m,i138195,M,MRMH0,ah
t00000094164,TRAIN/DR3/MRTC0/SI828,0.1906,0.3756,i71188,r,g,MRTC0,M,DR3,ah,963.706372665083,DR3,TEST/DR3/MCTW0/SA2,1.8281,1.4621,r,g,i10594,M,MCTW0,ae,971.013002693775,DR3,TEST/DR3/MCTW0/SX383,2.9625,2.5763,r,g,i10551,M,MCTW0,ah
t00000013853,TRAIN/DR8/MEJS0/SI1240,1.4856,1.7232,i178446,m,n,MEJS0,M,DR8,ah,659.869458748072,DR6,TEST/DR6/FLNH0/SI941,2.7575,2.4425,m,n,i40147,F,FLNH0,ae,614.533477873699,DR6,TEST/DR6/FLNH0/SX134,2.0757,1.8825,m,n,i40058,F,FLNH0,ah
t00000087088,TRAIN/DR3/MRTC0/SI828,0.1906,0.3756,i71188,r,g,MRTC0,M,DR3,ah,580.321701434544,DR8,TRAIN/DR8/FCEG0/SA2,1.7803,1.5012,r,g,i178923,F,FCEG0,ae,354.24250013826,DR8,TRAIN/DR8/FCEG0/SX78,1.1904,1.0213,r,g,i178846,F,FCEG0,ah
t00000050383,TEST/DR3/MJMP0/SI1791,2.1827,2.44,i9706,w,n,MJMP0,M,DR3,ah,474.967223449672,DR5,TRAIN/DR5/MEWM0/SX178,2.4623,2.2454,w,n,i124179,M,MEWM0,iy,422.497470624317,DR5,TRAIN/DR5/MEWM0/SX88,2.4554,2.3479,w,n,i124294,M,MEWM0,ah
t00000022515,TRAIN/DR3/MMJB1/SX58,1.6494,1.8302,i81342,r,s,MMJB1,M,DR3,ah,439.368114292572,DR2,TRAIN/DR2/MRJT0/SI868,3.48,3.2585,r,s,i94741,M,MRJT0,iy,306.899714977998,DR2,TRAIN/DR2/MRJT0/SX58,1.9921,1.8016,r,s,i94835,M,MRJT0,ah
t00000015274,TRAIN/DR6/MBMA1/SI2214,1.6473,1.8144,i163871,r,k,MBMA1,M,DR6,ah,442.249555059046,DR1,TRAIN/DR1/MRSO0/SX219,2.7268,2.5381,r,k,i176567,M,MRSO0,iy,653.378816888374,DR1,TRAIN/DR1/MRSO0/SX129,0.8056,0.483,r,k,i176764,M,MRSO0,ah
t00000096470,TEST/DR3/MTAA0/SX295,0.5275,0.7681,i12713,k,m,MTAA0,M,DR3,ah,548.732617379145,DR7,TRAIN/DR7/MPAR0/SI2206,0.8024,0.5992,k,m,i148935,M,MPAR0,iy,405.343880098229,DR7,TRAIN/DR7/MPAR0/SX136,1.3776,1.1914,k,m,i148695,M,MPAR0,ah
t00000074468,TEST/DR5/FHEW0/SI763,2.3222,2.5778,i31577,b,dx,FHEW0,F,DR5,ah,510.197565661329,DR8,TRAIN/DR8/MKRG0/SX31,1.4222,1.2306,b,dx,i182822,M,MKRG0,iy,678.543683650254,DR8,TRAIN/DR8/MKRG0/SX411,0.2361,0.1331,b,dx,i182966,M,MKRG0,ah
t00000050535,TRAIN/DR4/MRAB1/SX398,2.4471,2.6381,i62392,w,n,MRAB1,M,DR4,ah,357.464384089225,DR2,TRAIN/DR2/MRJM1/SI1298,0.4595,0.2976,w,n,i111894,M,MRJM1,iy,315.550466711743,DR2,TRAIN/DR2/MRJM1/SX398,2.9925,2.7911,w,n,i112025,M,MRJM1,ah
t00000074711,TRAIN/DR7/MTWH1/SX252,0.5706,0.7675,i139020,b,dx,MTWH1,M,DR7,ah,425.266546348204,DR7,TRAIN/DR7/MJFR0/SI1605,0.484,0.3,b,dx,i137042,M,MJFR0,uh,620.164119392454,DR7,TRAIN/DR7/MJFR0/SI975,0.2518,0.1475,b,dx,i137100,M,MJFR0,ah
t00000103066,TEST/DR5/MDWA0/SI1146,0.7154,0.9994,i30154,w,z,MDWA0,M,DR5,ah,442.941453144162,DR3,TRAIN/DR3/MPRD0/SX171,3.3544,3.1758,w,z,i69428,M,MPRD0,uh,461.392070474002,DR3,TRAIN/DR3/MPRD0/SX171,1.2369,1.06,w,z,i69412,M,MPRD0,ah
t00000101207,TRAIN/DR7/MTKD0/SI630,0.222,0.3678,i155770,w,dx,MTKD0,M,DR7,ah,507.601903338326,DR4,TRAIN/DR4/FKLC0/SX265,2.42,2.1514,w,dx,i67789,F,FKLC0,uh,317.12023859668,DR4,TRAIN/DR4/FKLC0/SX445,0.2425,0.135,w,dx,i67504,F,FKLC0,ah
t00000103083,TRAIN/DR7/MRMH0/SI1021,2.6951,2.8912,i138311,w,z,MRMH0,M,DR7,ah,304.578923160709,DR3,TRAIN/DR3/MPRD0/SX171,3.3544,3.1758,w,z,i69428,M,MPRD0,uh,359.994847269107,DR3,TRAIN/DR3/MPRD0/SX171,1.2369,1.06,w,z,i69412,M,MPRD0,ah
t00000074700,TRAIN/DR7/MNTW0/SI1698,0.992,1.1381,i146676,b,dx,MNTW0,M,DR7,ah,312.987478139784,DR7,TRAIN/DR7/MJFR0/SI1605,0.484,0.3,b,dx,i137042,M,MJFR0,uh,232.224264417224,DR7,TRAIN/DR7/MJFR0/SI975,0.2518,0.1475,b,dx,i137100,M,MJFR0,ah
t00000100597,TRAIN/DR3/FDFB0/SI1318,0.2089,0.3238,i80598,w,dx,FDFB0,F,DR3,ah,261.121805811817,DR4,TRAIN/DR4/MJMM0/SX265,1.8875,1.715,w,dx,i63145,M,MJMM0,uh,214.097676216629,DR4,TRAIN/DR4/MJMM0/SX445,0.2428,0.1358,w,dx,i62921,M,MJMM0,ah
t00000014662,TRAIN/DR3/MMJB1/SI1408,1.6269,1.8919,i81409,s,m,MMJB1,M,DR3,ah,544.221649270739,DR1,TRAIN/DR1/MRSO0/SX399,0.76,0.3498,s,m,i176649,M,MRSO0,uw,453.139096009212,DR1,TRAIN/DR1/MRSO0/SI1659,0.4621,0.1356,s,m,i176519,M,MRSO0,ah
t00000014280,TEST/DR5/MDRB0/SI2109,1.9375,2.1575,i24596,s,m,MDRB0,M,DR5,ah,362.755048547847,DR4,TEST/DR4/MKCL0/SI1091,2.0313,1.81,s,m,i3396,M,MKCL0,uw,329.236321020691,DR4,TEST/DR4/MKCL0/SI461,1.2297,0.9762,s,m,i3252,M,MKCL0,ah
t00000008436,TRAIN/DR2/MDLB0/SX136,1.9765,2.1774,i106184,r,m,MDLB0,M,DR2,ah,628.139078103651,DR5,TEST/DR5/MRPP0/SI554,4.1025,3.7222,r,m,i31939,M,MRPP0,uw,381.772300526949,DR5,TEST/DR5/MRPP0/SX104,1.3825,1.2402,r,m,i32054,M,MRPP0,ah
t00000094079,TRAIN/DR8/MMWS0/SX78,1.0856,1.3054,i179357,r,g,MMWS0,M,DR8,ah,377.223669064775,DR1,TRAIN/DR1/MRCG0/SX438,3.5421,3.3456,r,g,i173560,M,MRCG0,uw,624.618783131252,DR1,TRAIN/DR1/MRCG0/SX78,1.5613,1.3181,r,g,i173398,M,MRCG0,ah
t00000014306,TEST/DR2/MMDB1/SI2255,2.156,2.3912,i21431,s,m,MMDB1,M,DR2,ah,389.450288825138,DR4,TEST/DR4/MKCL0/SI1091,2.0313,1.81,s,m,i3396,M,MKCL0,uw,301.131153306203,DR4,TEST/DR4/MKCL0/SI461,1.2297,0.9762,s,m,i3252,M,MKCL0,ah
t00000008447,TRAIN/DR6/MSJK0/SX66,0.9229,1.1294,i158595,r,m,MSJK0,M,DR6,ah,513.203084638768,DR5,TEST/DR5/MRPP0/SI554,4.1025,3.7222,r,m,i31939,M,MRPP0,uw,329.68524670768,DR5,TEST/DR5/MRPP0/SX104,1.3825,1.2402,r,m,i32054,M,MRPP0,ah
t00000061434,TRAIN/DR8/MMEA0/SA2,1.2089,1.3942,i179820,l,r,MMEA0,M,DR8,iy,559.48368986946,DR2,TEST/DR2/FCMR0/SX205,2.0966,1.8198,l,r,i20646,F,FCMR0,aa,399.820748101389,DR2,TEST/DR2/FCMR0/SA2,2.2898,2.0183,l,r,i20691,F,FCMR0,iy
t00000028598,TEST/DR7/MPAB0/SA1,2.2846,2.5404,i35919,r,s,MPAB0,M,DR7,iy,624.098245999337,DR4,TRAIN/DR4/FEEH0/SX302,1.6225,1.3875,r,s,i50225,F,FEEH0,aa,472.154949180058,DR4,TRAIN/DR4/FEEH0/SA1,1.9225,1.6975,r,s,i50195,F,FEEH0,iy
t00000028948,TRAIN/DR3/FLJD0/SA1,1.4025,1.6256,i89662,r,s,FLJD0,F,DR3,iy,605.097746228203,DR6,TRAIN/DR6/MSVS0/SX308,2.8583,2.5531,r,s,i158720,M,MSVS0,aa,377.338142420286,DR6,TRAIN/DR6/MSVS0/SI938,4.2974,4.0475,r,s,i159016,M,MSVS0,iy
t00000041801,TRAIN/DR3/MJRH1/SA1,1.7076,1.9725,i76563,r,s,MJRH1,M,DR3,iy,491.036305804234,DR2,TRAIN/DR2/FJKL0/SX392,1.6846,1.4619,r,s,i90980,F,FJKL0,aa,536.582141670282,DR2,TRAIN/DR2/FJKL0/SI932,3.6681,3.4244,r,s,i90932,F,FJKL0,iy
t00000057265,TEST/DR4/MLLL0/SA2,1.9425,2.2075,i2789,l,r,MLLL0,M,DR4,iy,742.136097495183,DR7,TEST/DR7/FSXA0/SX118,2.2075,1.9216,l,r,i37456,F,FSXA0,aa,596.637306457389,DR7,TEST/DR7/FSXA0/SA2,1.8275,1.6175,l,r,i37528,F,FSXA0,iy
t00000054226,TRAIN/DR2/MTDB0/SA2,1.3551,1.5874,i107539,l,r,MTDB0,M,DR2,iy,517.416349181301,DR2,TEST/DR2/MTAS1/SX118,2.2825,2.0444,l,r,i18798,M,MTAS1,aa,284.856846535329,DR2,TEST/DR2/MTAS1/SA2,2.1932,1.9451,l,r,i18861,M,MTAS1,iy
t00000048033,TRAIN/DR2/MRJT0/SX148,0.5381,0.7262,i94923,r,s,MRJT0,M,DR2,iy,439.780348790758,DR2,TRAIN/DR2/MPPC0/SI1412,4.525,4.2287,r,s,i111772,M,MPPC0,ae,337.059390115216,DR2,TRAIN/DR2/MPPC0/SX422,1.1181,0.895,r,s,i111704,M,MPPC0,iy
t00000006333,TEST/DR3/MJBR0/SA2,0.5577,0.7465,i10815,m,dx,MJBR0,M,DR3,iy,466.07120605493,DR2,TRAIN/DR2/MRJM1/SI1298,3.3775,3.1703,m,dx,i111936,M,MRJM1,ae,554.789462830189,DR2,TRAIN/DR2/MRJM1/SI1928,0.812,0.624,m,dx,i112160,M,MRJM1,iy
t00000005507,TRAIN/DR6/MJRK0/SA2,0.725,0.8425,i159517,m,dx,MJRK0,M,DR6,iy,282.968664315003,DR7,TRAIN/DR7/MKAG0/SI979,4.2294,4.0179,m,dx,i136216,M,MKAG0,ae,183.280250021016,DR7,TRAIN/DR7/MKAG0/SA2,0.6472,0.5375,m,dx,i136268,M,MKAG0,iy
t00000006108,TEST/DR4/FMCM0/SA2,0.5075,0.6025,i4227,m,dx,FMCM0,F,DR4,iy,398.099007140986,DR2,TRAIN/DR2/MRJM1/SI1298,3.3775,3.1703,m,dx,i111936,M,MRJM1,ae,323.084770489875,DR2,TRAIN/DR2/MRJM1/SI1928,0.812,0.624,m,dx,i112160,M,MRJM1,iy
t00000021644,TRAIN/DR5/MJDM0/SA1,1.6902,1.9806,i132522,r,s,MJDM0,M,DR5,iy,493.457992785521,DR2,TRAIN/DR2/MRLR0/SI566,0.7541,0.5125,r,s,i95405,M,MRLR0,ae,409.371266335915,DR2,TRAIN/DR2/MRLR0/SA1,1.7493,1.5222,r,s,i95560,M,MRLR0,iy
t00000049742,TRAIN/DR1/MMRP0/SA1,2.0117,2.2523,i172534,r,s,MMRP0,M,DR1,iy,388.492908139184,DR7,TRAIN/DR7/MRPC1/SI2112,1.49,1.2624,r,s,i136847,M,MRPC1,ae,278.75843804196103,DR7,TRAIN/DR7/MRPC1/SA1,1.5362,1.3233,r,s,i136819,M,MRPC1,iy
t00000035729,TRAIN/DR2/FCYL0/SA1,1.5138,1.7473,i102785,r,s,FCYL0,F,DR2,iy,555.192509063824,DR7,TRAIN/DR7/MKDB0/SI872,2.1975,1.8981,r,s,i141065,M,MKDB0,ah,380.227759527744,DR7,TRAIN/DR7/MKDB0/SA1,1.8762,1.6375,r,s,i141032,M,MKDB0,iy
t00000048324,TRAIN/DR2/FLMA0/SA1,1.3002,1.5366,i96937,r,s,FLMA0,F,DR2,iy,534.5462849469,DR7,TRAIN/DR7/FMAH1/SX249,1.9325,1.6945,r,s,i147230,F,FMAH1,ah,316.405723480484,DR7,TRAIN/DR7/FMAH1/SA1,1.8975,1.6862,r,s,i147153,F,FMAH1,iy
t00000039293,TRAIN/DR7/MTML0/SA1,1.4632,1.7112,i146073,r,s,MTML0,M,DR7,iy,445.224081438044,DR2,TRAIN/DR2/MRJT0/SX58,1.9921,1.8016,r,s,i94835,M,MRJT0,ah,753.173155696836,DR2,TRAIN/DR2/MRJT0/SX58,3.9294,3.4047,r,s,i94856,M,MRJT0,iy
t00000044330,TRAIN/DR7/FBLV0/SA1,1.5817,1.8106,i136029,r,s,FBLV0,F,DR7,iy,481.726113275502,DR4,TRAIN/DR4/FSSB0/SI1082,1.7125,1.4356,r,s,i57799,F,FSSB0,ah,326.327174426105,DR4,TRAIN/DR4/FSSB0/SA1,1.9765,1.6831,r,s,i57753,F,FSSB0,iy
t00000104574,TEST/DR6/MCMJ0/SA1,1.8875,2.154,i41094,s,w,MCMJ0,M,DR6,iy,400.77741113157,DR7,TRAIN/DR7/MAEO0/SX246,1.2584,0.9373,s,w,i148127,M,MAEO0,ah,421.238031208404,DR7,TRAIN/DR7/MAEO0/SA1,1.8041,1.524,s,w,i148334,M,MAEO0,iy
t00000024724,TRAIN/DR2/MDLC2/SA1,1.3663,1.5587,i109264,r,s,MDLC2,M,DR2,iy,355.199635270443,DR2,TRAIN/DR2/MRJM0/SX58,2.1525,1.9662,r,s,i111064,M,MRJM0,ah,341.377425098909,DR2,TRAIN/DR2/MRJM0/SX148,0.7975,0.5675,r,s,i111146,M,MRJM0,iy
t00000015136,TRAIN/DR5/MWSH0/SX346,0.8511,1.1575,i126538,r,k,MWSH0,M,DR5,iy,509.128284446176,DR7,TRAIN/DR7/MDLM0/SX424,1.6762,1.5613,r,k,i137357,M,MDLM0,uh,741.724995151455,DR7,TRAIN/DR7/MDLM0/SX244,1.3369,1.1619,r,k,i137229,M,MDLM0,iy
t00000025789,TRAIN/DR3/MREE0/SA1,1.6225,1.8475,i87601,r,s,MREE0,M,DR3,iy,417.646007618324,DR8,TEST/DR8/MJTC0/SI1460,4.3581,4.1381,r,s,i45616,M,MJTC0,uh,326.471795598545,DR8,TEST/DR8/MJTC0/SA1,2.0356,1.7556,r,s,i45790,M,MJTC0,iy
t00000104906,TRAIN/DR2/FMMH0/SA1,1.7306,1.9712,i93048,s,w,FMMH0,F,DR2,iy,367.33606031601,DR2,TRAIN/DR2/MKAJ0/SI2044,0.7975,0.5525,s,w,i101785,M,MKAJ0,uh,439.1048904828,DR2,TRAIN/DR2/MKAJ0/SA1,1.8377,1.5181,s,w,i101967,M,MKAJ0,iy
t00000025515,TRAIN/DR7/FVKB0/SA1,1.9242,2.1975,i143954,r,s,FVKB0,F,DR7,iy,471.535523606508,DR8,TEST/DR8/MJTC0/SI1460,4.3581,4.1381,r,s,i45616,M,MJTC0,uh,347.567446075699,DR8,TEST/DR8/MJTC0/SA1,2.0356,1.7556,r,s,i45790,M,MJTC0,iy
t00000104821,TRAIN/DR4/FBAS0/SA1,1.9225,2.1958,i63762,s,w,FBAS0,F,DR4,iy,468.54061574474,DR2,TRAIN/DR2/MKAJ0/SI2044,0.7975,0.5525,s,w,i101785,M,MKAJ0,uh,457.033773205225,DR2,TRAIN/DR2/MKAJ0/SA1,1.8377,1.5181,s,w,i101967,M,MKAJ0,iy
t00000015037,TRAIN/DR3/MJRH1/SX244,1.7125,1.9008,i76307,r,k,MJRH1,M,DR3,iy,323.58164740953,DR4,TRAIN/DR4/MLJH0/SX424,2.4781,2.3003,r,k,i60899,M,MLJH0,uh,278.979485089901,DR4,TRAIN/DR4/MLJH0/SX244,2.4413,2.2538,r,k,i60817,M,MLJH0,iy
t00000020237,TEST/DR4/FLBW0/SX229,0.4325,0.6425,i6919,l,k,FLBW0,F,DR4,uh,758.414970010377,DR3,TRAIN/DR3/MPRD0/SI1431,3.6255,3.2437,l,k,i69515,M,MPRD0,aa,423.20124935096,DR3,TRAIN/DR3/MPRD0/SX441,0.6344,0.4525,l,k,i69264,M,MPRD0,uh
t00000100654,TRAIN/DR7/MGAW0/SX265,1.7825,2.0026,i140753,w,dx,MGAW0,M,DR7,uh,396.903127936705,DR2,TRAIN/DR2/MWSB0/SA1,2.354,2.2,w,dx,i106652,M,MWSB0,aa,291.803521465389,DR2,TRAIN/DR2/MWSB0/SX186,0.2144,0.1102,w,dx,i106445,M,MWSB0,uh
t00000100155,TRAIN/DR6/MCAE0/SA1,2.6746,2.8782,i160355,w,dx,MCAE0,M,DR6,uh,500.181959979637,DR8,TRAIN/DR8/MRDM0/SX155,0.3879,0.2054,w,dx,i183190,M,MRDM0,aa,320.294058744342,DR8,TRAIN/DR8/MRDM0/SI1595,1.8811,1.7076,w,dx,i183239,M,MRDM0,uh
t00000100662,TRAIN/DR5/MRKM0/SA1,2.8728,3.0346,i115933,w,dx,MRKM0,M,DR5,uh,309.895194577026,DR2,TRAIN/DR2/MWSB0/SA1,2.354,2.2,w,dx,i106652,M,MWSB0,aa,287.760230627459,DR2,TRAIN/DR2/MWSB0/SX186,0.2144,0.1102,w,dx,i106445,M,MWSB0,uh
t00000100658,TRAIN/DR4/MNET0/SX186,0.14,0.2725,i66928,w,dx,MNET0,M,DR4,uh,245.124010626253,DR2,TRAIN/DR2/MWSB0/SA1,2.354,2.2,w,dx,i106652,M,MWSB0,aa,211.967237911816,DR2,TRAIN/DR2/MWSB0/SX186,0.2144,0.1102,w,dx,i106445,M,MWSB0,uh
t00000105251,TRAIN/DR5/MDWH0/SI665,1.5222,1.8094,i129752,w,l,MDWH0,M,DR5,uh,722.696842982991,DR4,TEST/DR4/MJRF0/SI2081,0.6319,0.4557,w,l,i2111,M,MJRF0,aa,429.295145316145,DR4,TEST/DR4/MJRF0/SX11,0.5525,0.3658,w,l,i2313,M,MJRF0,uh
t00000103774,TEST/DR4/FJMG0/SI1181,1.6281,1.9556,i3715,b,k,FJMG0,F,DR4,uh,590.889379328268,DR6,TRAIN/DR6/MTXS0/SI1690,0.973,0.6725,b,k,i164174,M,MTXS0,ae,1174.98280287447,DR6,TRAIN/DR6/MTXS0/SX160,2.51,2.1192,b,k,i164125,M,MTXS0,uh
t00000103866,TRAIN/DR4/MGAG0/SI645,1.0496,1.275,i60455,b,k,MGAG0,M,DR4,uh,1039.23946759548,DR1,TEST/DR1/MWBT0/SX113,3.1825,2.6025,b,k,i43461,M,MWBT0,ae,443.567562801102,DR1,TEST/DR1/MWBT0/SX293,1.8726,1.605,b,k,i43219,M,MWBT0,uh
t00000103860,TRAIN/DR7/MCTH0/SX309,2.5586,2.885,i144675,b,k,MCTH0,M,DR7,uh,1095.54674148603,DR1,TEST/DR1/MWBT0/SX113,3.1825,2.6025,b,k,i43461,M,MWBT0,ae,517.427796879873,DR1,TEST/DR1/MWBT0/SX293,1.8726,1.605,b,k,i43219,M,MWBT0,uh
t00000103871,TRAIN/DR6/MTXS0/SX160,2.1192,2.51,i164125,b,k,MTXS0,M,DR6,uh,1096.11174279867,DR1,TEST/DR1/MWBT0/SX113,3.1825,2.6025,b,k,i43461,M,MWBT0,ae,1001.75865766556,DR1,TEST/DR1/MWBT0/SI2183,0.375,0.1342,b,k,i43195,M,MWBT0,uh
t00000103854,TEST/DR4/FJMG0/SI1181,1.6281,1.9556,i3715,b,k,FJMG0,F,DR4,uh,1213.10726814395,DR1,TEST/DR1/MWBT0/SX113,3.1825,2.6025,b,k,i43461,M,MWBT0,ae,735.123086181682,DR1,TEST/DR1/MWBT0/SI2183,0.375,0.1342,b,k,i43195,M,MWBT0,uh
t00000075965,TRAIN/DR5/MTDP0/SI1521,0.2376,0.4919,i125529,l,kcl,MTDP0,M,DR5,uh,621.573989181233,DR3,TEST/DR3/FPKT0/SX368,1.5188,1.2369,l,kcl,i15721,F,FPKT0,ae,468.946632332102,DR3,TEST/DR3/FPKT0/SI2168,1.5913,1.3325,l,kcl,i15576,F,FPKT0,uh
t00000101594,TRAIN/DR4/FKLC0/SX265,2.1514,2.42,i67789,w,dx,FKLC0,F,DR4,uh,412.361272394979,DR7,TRAIN/DR7/MGAW0/SX445,0.2298,0.1305,w,dx,i140453,M,MGAW0,ah,318.700370489083,DR7,TRAIN/DR7/MGAW0/SX265,2.0026,1.7825,w,dx,i140753,M,MGAW0,uh
t00000101603,TEST/DR5/MCTT0/SI1144,0.2558,0.389,i25208,w,dx,MCTT0,M,DR5,uh,172.930473902709,DR7,TRAIN/DR7/MGAW0/SX445,0.2298,0.1305,w,dx,i140453,M,MGAW0,ah,320.484450878678,DR7,TRAIN/DR7/MGAW0/SX265,2.0026,1.7825,w,dx,i140753,M,MGAW0,uh
t00000103030,TRAIN/DR6/MESJ0/SI2039,2.6503,2.83,i156276,w,z,MESJ0,M,DR6,uh,330.309322583122,DR3,TRAIN/DR3/MPRD0/SX171,1.2369,1.06,w,z,i69412,M,MPRD0,ah,434.123243708262,DR3,TRAIN/DR3/MPRD0/SX171,3.3544,3.1758,w,z,i69428,M,MPRD0,uh
t00000101386,TRAIN/DR2/MWSB0/SX186,0.1102,0.2144,i106445,w,dx,MWSB0,M,DR2,uh,213.949298397384,DR4,TRAIN/DR4/FKLC0/SX445,0.2425,0.135,w,dx,i67504,F,FKLC0,ah,342.429098144021,DR4,TRAIN/DR4/FKLC0/SX265,2.42,2.1514,w,dx,i67789,F,FKLC0,uh
t00000103029,TRAIN/DR5/MEGJ0/SX3,0.436,0.6531,i128169,w,z,MEGJ0,M,DR5,uh,349.117152689319,DR3,TRAIN/DR3/MPRD0/SX171,1.2369,1.06,w,z,i69412,M,MPRD0,ah,361.54323467065,DR3,TRAIN/DR3/MPRD0/SX171,3.3544,3.1758,w,z,i69428,M,MPRD0,uh
t00000074514,TRAIN/DR6/MSVS0/SI2198,0.1331,0.2425,i158904,b,dx,MSVS0,M,DR6,uh,251.746203992167,DR7,TRAIN/DR7/MJFR0/SI975,0.2518,0.1475,b,dx,i137100,M,MJFR0,ah,478.345867195569,DR7,TRAIN/DR7/MJFR0/SI1605,0.484,0.3,b,dx,i137042,M,MJFR0,uh
t00000099683,TRAIN/DR3/MTLB0/SI504,0.4325,0.6814,i73053,p,tcl,MTLB0,M,DR3,uh,531.106229131447,DR2,TEST/DR2/MTMR0/SX133,0.2558,0.1382,p,tcl,i17324,M,MTMR0,iy,515.351350035366,DR2,TEST/DR2/MTMR0/SX223,0.2825,0.1425,p,tcl,i17453,M,MTMR0,uh
t00000020164,TEST/DR4/FNMR0/SX229,0.3211,0.5456,i816,l,k,FNMR0,F,DR4,uh,450.616499128067,DR8,TRAIN/DR8/MBSB0/SI1353,1.4194,1.2519,l,k,i177706,M,MBSB0,iy,447.348072145215,DR8,TRAIN/DR8/MBSB0/SX273,1.5248,1.3263,l,k,i177848,M,MBSB0,uh
t00000015229,TRAIN/DR3/FDJH0/SI935,0.2112,0.4094,i88825,r,k,FDJH0,F,DR3,uh,491.430976136403,DR7,TRAIN/DR7/MDLM0/SX244,1.3369,1.1619,r,k,i137229,M,MDLM0,iy,369.571406760229,DR7,TRAIN/DR7/MDLM0/SX424,1.6762,1.5613,r,k,i137357,M,MDLM0,uh
t00000099557,TRAIN/DR3/MVJH0/SI926,0.4025,0.5744,i79579,p,tcl,MVJH0,M,DR3,uh,569.311521779766,DR7,TEST/DR7/MRPC0/SX133,0.2765,0.1275,p,tcl,i33866,M,MRPC0,iy,611.870149489878,DR7,TEST/DR7/MRPC0/SX223,0.2725,0.1305,p,tcl,i33941,M,MRPC0,uh
t00000099548,TEST/DR6/MJFC0/SX223,0.1381,0.2975,i39264,p,tcl,MJFC0,M,DR6,uh,346.317409874292,DR7,TEST/DR7/MRPC0/SX133,0.2765,0.1275,p,tcl,i33866,M,MRPC0,iy,227.692819346479,DR7,TEST/DR7/MRPC0/SX223,0.2725,0.1305,p,tcl,i33941,M,MRPC0,uh
t00000099494,TRAIN/DR3/MTLB0/SI504,0.4325,0.6814,i73053,p,tcl,MTLB0,M,DR3,uh,549.172128760635,DR6,TEST/DR6/MJFC0/SX133,0.2756,0.1388,p,tcl,i39212,M,MJFC0,iy,476.608840535645,DR6,TEST/DR6/MJFC0/SX223,0.2975,0.1381,p,tcl,i39264,M,MJFC0,uh
t00000000009,TRAIN/DR2/MSAT0/SX86,1.5075,1.6825,i109407,f,l,MSAT0,M,DR2,uh,577.464974557992,DR3,TEST/DR3/MWJG0/SI1754,1.8675,1.4625,f,l,i14521,M,MWJG0,uw,381.602829130005,DR3,TEST/DR3/MWJG0/SI1124,1.6292,1.3275,f,l,i14632,M,MWJG0,uh
t00000000005,TRAIN/DR4/MLJC0/SX325,0.2675,0.5878,i54357,f,l,MLJC0,M,DR4,uh,640.677278573064,DR3,TEST/DR3/MWJG0/SI1754,1.8675,1.4625,f,l,i14521,M,MWJG0,uw,391.707370049397,DR3,TEST/DR3/MWJG0/SI1124,1.6292,1.3275,f,l,i14632,M,MWJG0,uh
t00000000002,TEST/DR1/FDAC1/SX124,2.0975,2.3994,i44123,f,l,FDAC1,F,DR1,uh,650.396936657006,DR3,TEST/DR3/MWJG0/SI1754,1.8675,1.4625,f,l,i14521,M,MWJG0,uw,423.621706297555,DR3,TEST/DR3/MWJG0/SI1124,1.6292,1.3275,f,l,i14632,M,MWJG0,uh
t00000000006,TRAIN/DR3/MLNS0/SI777,1.1326,1.3694,i83173,f,l,MLNS0,M,DR3,uh,642.595515094872,DR3,TEST/DR3/MWJG0/SI1754,1.8675,1.4625,f,l,i14521,M,MWJG0,uw,375.356241750946,DR3,TEST/DR3/MWJG0/SI1124,1.6292,1.3275,f,l,i14632,M,MWJG0,uh
t00000000004,TRAIN/DR2/MJMA0/SX325,0.2075,0.4595,i95019,f,l,MJMA0,M,DR2,uh,753.861314820681,DR3,TEST/DR3/MWJG0/SI1754,1.8675,1.4625,f,l,i14521,M,MWJG0,uw,460.222494757259,DR3,TEST/DR3/MWJG0/SI1124,1.6292,1.3275,f,l,i14632,M,MWJG0,uh
t00000000007,TRAIN/DR6/MRMB0/SI2211,0.5248,0.8382,i158068,f,l,MRMB0,M,DR6,uh,1227.15856652817,DR3,TEST/DR3/MWJG0/SI1754,1.8675,1.4625,f,l,i14521,M,MWJG0,uw,825.75625500332,DR3,TEST/DR3/MWJG0/SI1124,1.6292,1.3275,f,l,i14632,M,MWJG0,uh
t00000076038,TRAIN/DR7/MAFM0/SX309,0.3025,0.4782,i134332,r,f,MAFM0,M,DR7,uw,358.874076601327,DR2,TRAIN/DR2/FCAJ0/SX219,0.7023,0.5091,r,f,i96493,F,FCAJ0,aa,423.931383153518,DR2,TRAIN/DR2/FCAJ0/SX309,0.5326,0.3202,r,f,i96459,F,FCAJ0,uw
t00000076213,TEST/DR7/FTLH0/SX289,0.4875,0.653,i38586,r,f,FTLH0,F,DR7,uw,517.525087671081,DR7,TRAIN/DR7/MAFM0/SX219,0.5962,0.4044,r,f,i134365,M,MAFM0,aa,256.370072735704,DR7,TRAIN/DR7/MAFM0/SX309,0.4782,0.3025,r,f,i134332,M,MAFM0,uw
t00000076043,TRAIN/DR3/MHMR0/SX309,0.3325,0.5143,i73383,r,f,MHMR0,M,DR3,uw,439.543924137801,DR2,TRAIN/DR2/FCAJ0/SX219,0.7023,0.5091,r,f,i96493,F,FCAJ0,aa,482.612297498081,DR2,TRAIN/DR2/FCAJ0/SX309,0.5326,0.3202,r,f,i96459,F,FCAJ0,uw
t00000076246,TRAIN/DR7/MAFM0/SX309,0.3025,0.4782,i134332,r,f,MAFM0,M,DR7,uw,462.120269121627,DR1,TRAIN/DR1/MRSO0/SX219,0.7644,0.525,r,f,i176548,M,MRSO0,aa,456.984875554604,DR1,TRAIN/DR1/MRSO0/SX309,0.6788,0.415,r,f,i176491,M,MRSO0,uw
t00000076044,TRAIN/DR2/MJAE0/SX264,2.1566,2.7175,i108433,r,f,MJAE0,M,DR2,uw,825.440786969648,DR2,TRAIN/DR2/FCAJ0/SX219,0.7023,0.5091,r,f,i96493,F,FCAJ0,aa,788.214972058611,DR2,TRAIN/DR2/FCAJ0/SX309,0.5326,0.3202,r,f,i96459,F,FCAJ0,uw
t00000076042,TRAIN/DR7/MGSL0/SX264,2.3133,2.7425,i140112,r,f,MGSL0,M,DR7,uw,882.375906627828,DR2,TRAIN/DR2/FCAJ0/SX219,0.7023,0.5091,r,f,i96493,F,FCAJ0,aa,807.190409702569,DR2,TRAIN/DR2/FCAJ0/SX309,0.5326,0.3202,r,f,i96459,F,FCAJ0,uw
t00000013296,TRAIN/DR6/MRXB0/SX325,0.5525,0.945,i159023,m,n,MRXB0,M,DR6,uw,665.904699734336,DR2,TRAIN/DR2/FLMA0/SI1873,2.6579,2.4275,m,n,i97014,F,FLMA0,ae,585.391601378371,DR2,TRAIN/DR2/FLMA0/SI1873,0.9974,0.7533,m,n,i96988,F,FLMA0,uw
t00000052670,TRAIN/DR3/MPRD0/SX441,0.8688,1.1075,i69270,r,pcl,MPRD0,M,DR3,uw,445.940760634804,DR1,TRAIN/DR1/MRCG0/SX438,1.9679,1.7311,r,pcl,i173541,M,MRCG0,ae,386.71285270822,DR1,TRAIN/DR1/MRCG0/SX438,3.7441,3.5421,r,pcl,i173563,M,MRCG0,uw
t00000013294,TRAIN/DR3/MCEF0/SX325,0.5232,0.8475,i79275,m,n,MCEF0,M,DR3,uw,526.977555691864,DR2,TRAIN/DR2/FLMA0/SI1873,2.6579,2.4275,m,n,i97014,F,FLMA0,ae,480.663350445987,DR2,TRAIN/DR2/FLMA0/SI1873,0.9974,0.7533,m,n,i96988,F,FLMA0,uw
t00000013293,TRAIN/DR7/FREH0/SX325,0.3775,0.6575,i142809,m,n,FREH0,F,DR7,uw,519.411084436003,DR2,TRAIN/DR2/FLMA0/SI1873,2.6579,2.4275,m,n,i97014,F,FLMA0,ae,523.857159511414,DR2,TRAIN/DR2/FLMA0/SI1873,0.9974,0.7533,m,n,i96988,F,FLMA0,uw
t00000013295,TRAIN/DR2/MJMA0/SX325,0.4595,0.7885,i95022,m,n,MJMA0,M,DR2,uw,595.50968444568,DR2,TRAIN/DR2/FLMA0/SI1873,2.6579,2.4275,m,n,i97014,F,FLMA0,ae,536.126912376844,DR2,TRAIN/DR2/FLMA0/SI1873,0.9974,0.7533,m,n,i96988,F,FLMA0,uw
t00000013297,TRAIN/DR6/MSMR0/SX325,0.436,0.7444,i165316,m,n,MSMR0,M,DR6,uw,653.018798817482,DR2,TRAIN/DR2/FLMA0/SI1873,2.6579,2.4275,m,n,i97014,F,FLMA0,ae,749.482215389508,DR2,TRAIN/DR2/FLMA0/SI1873,0.9974,0.7533,m,n,i96988,F,FLMA0,uw
t00000014247,TRAIN/DR1/MRSO0/SX399,0.3498,0.76,i176649,s,m,MRSO0,M,DR1,uw,629.147499264705,DR4,TEST/DR4/MKCL0/SI461,1.2297,0.9762,s,m,i3252,M,MKCL0,ah,617.931642474287,DR4,TEST/DR4/MKCL0/SI1091,2.0313,1.81,s,m,i3396,M,MKCL0,uw
t00000008306,TEST/DR2/MGWT0/SI2169,4.8172,5.1581,i19434,r,m,MGWT0,M,DR2,uw,414.161415589392,DR5,TEST/DR5/MRPP0/SX104,1.3825,1.2402,r,m,i32054,M,MRPP0,ah,508.151054105176,DR5,TEST/DR5/MRPP0/SI554,4.1025,3.7222,r,m,i31939,M,MRPP0,uw
t00000011709,TEST/DR5/MLIH0/SA1,0.985,1.2793,i31429,s,q,MLIH0,M,DR5,uw,619.755033987713,DR5,TRAIN/DR5/FEXM0/SX111,0.7806,0.4542,s,q,i124024,F,FEXM0,ah,812.377955504035,DR5,TRAIN/DR5/FEXM0/SA1,2.2089,1.6892,s,q,i123967,F,FEXM0,uw
t00000008314,TEST/DR2/MPGL0/SI1729,1.6292,1.8375,i20813,r,m,MPGL0,M,DR2,uw,284.829296821505,DR5,TEST/DR5/MRPP0/SX104,1.3825,1.2402,r,m,i32054,M,MRPP0,ah,458.730266890756,DR5,TEST/DR5/MRPP0/SI554,4.1025,3.7222,r,m,i31939,M,MRPP0,uw
t00000011712,TRAIN/DR5/MWEM0/SA1,1.1411,1.5825,i114966,s,q,MWEM0,M,DR5,uw,935.078853118633,DR5,TRAIN/DR5/FEXM0/SX111,0.7806,0.4542,s,q,i124024,F,FEXM0,ah,713.514942414467,DR5,TRAIN/DR5/FEXM0/SA1,2.2089,1.6892,s,q,i123967,F,FEXM0,uw
t00000014562,TRAIN/DR3/MKLS1/SX375,2.5946,2.8742,i90707,s,m,MKLS1,M,DR3,uw,437.927023412105,DR1,TRAIN/DR1/MRSO0/SI1659,0.4621,0.1356,s,m,i176519,M,MRSO0,ah,573.903063253235,DR1,TRAIN/DR1/MRSO0/SX399,0.76,0.3498,s,m,i176649,M,MRSO0,uw
t00000000011,TEST/DR1/FAKS0/SI2203,2.5231,2.8612,i42931,f,l,FAKS0,F,DR1,uw,685.72950943645,DR3,TEST/DR3/MWJG0/SI1124,1.6292,1.3275,f,l,i14632,M,MWJG0,uh,913.065247732077,DR3,TEST/DR3/MWJG0/SI1754,1.8675,1.4625,f,l,i14521,M,MWJG0,uw
t00000000012,TRAIN/DR1/FSAH0/SI1874,1.8525,2.1932,i169387,f,l,FSAH0,F,DR1,uw,474.634492758101,DR3,TEST/DR3/MWJG0/SI1124,1.6292,1.3275,f,l,i14632,M,MWJG0,uh,719.06748535611,DR3,TEST/DR3/MWJG0/SI1754,1.8675,1.4625,f,l,i14521,M,MWJG0,uw
t00000000015,TEST/DR3/MMJR0/SI2166,1.857,2.2325,i11783,f,l,MMJR0,M,DR3,uw,501.520940396084,DR3,TEST/DR3/MWJG0/SI1124,1.6292,1.3275,f,l,i14632,M,MWJG0,uh,540.411334849484,DR3,TEST/DR3/MWJG0/SI1754,1.8675,1.4625,f,l,i14521,M,MWJG0,uw
t00000000014,TRAIN/DR7/MJRA0/SI1236,0.8746,1.1436,i142431,f,l,MJRA0,M,DR7,uw,454.225066816244,DR3,TEST/DR3/MWJG0/SI1124,1.6292,1.3275,f,l,i14632,M,MWJG0,uh,834.690711655546,DR3,TEST/DR3/MWJG0/SI1754,1.8675,1.4625,f,l,i14521,M,MWJG0,uw
t00000000013,TRAIN/DR4/MJJJ0/SI533,0.7775,1.0925,i59850,f,l,MJJJ0,M,DR4,uw,596.632592019338,DR3,TEST/DR3/MWJG0/SI1124,1.6292,1.3275,f,l,i14632,M,MWJG0,uh,733.567424720793,DR3,TEST/DR3/MWJG0/SI1754,1.8675,1.4625,f,l,i14521,M,MWJG0,uw
t00000000016,TRAIN/DR4/MTRT0/SI1857,1.6925,1.985,i65224,f,l,MTRT0,M,DR4,uw,441.972597332291,DR3,TEST/DR3/MWJG0/SI1124,1.6292,1.3275,f,l,i14632,M,MWJG0,uh,742.733749634621,DR3,TEST/DR3/MWJG0/SI1754,1.8675,1.4625,f,l,i14521,M,MWJG0,uw
