tripletid,distance_normed_filterbank__dtw_pathlength_OTH,distance_normed_filterbank__dtw_pathlength_TGT,distance_normed_filterbank__dtw_sum_OTH,distance_normed_filterbank__dtw_sum_TGT,distance_normed_mfcc__dtw_pathlength_OTH,distance_normed_mfcc__dtw_pathlength_TGT,distance_normed_mfcc__dtw_sum_OTH,distance_normed_mfcc__dtw_sum_TGT,distance_unnormed_filterbank__dtw_pathlength_OTH,distance_unnormed_filterbank__dtw_pathlength_TGT,distance_unnormed_filterbank__dtw_sum_OTH,distance_unnormed_filterbank__dtw_sum_TGT,distance_unnormed_mfcc__dtw_pathlength_OTH,distance_unnormed_mfcc__dtw_pathlength_TGT,distance_unnormed_mfcc__dtw_sum_OTH,distance_unnormed_mfcc__dtw_sum_TGT,CORR_ANS,item_TGT,item_OTH,item_X,file_TGT,onset_TGT,offset_TGT,word_TGT,speaker_TGT,CV_TGT,context_TGT,phone_TGT,file_OTH,onset_OTH,offset_OTH,word_OTH,speaker_OTH,CV_OTH,context_OTH,phone_OTH,file_X,onset_X,offset_X,word_X,speaker_X,CV_X,context_X,phone_X
stimulus1_A,4.48665682097521,4.95926823694916,381.365829782893,376.904386008136,4.18216844259386,4.24158644606135,338.755643850103,318.118983454601,16.7411771570846,18.4878260846476,1423.00005835219,1405.07478243322,10.8478066899872,11.2910784776832,900.36795526894,846.830885826241,A,amelia_vowels_5,amelia_vowels_15,ewan_8,amelia_vowels.wav,12.5659,13.30968,HADI,amelia,V,I,ɑ,amelia_vowels.wav,37.6934,38.4725,HAEDI,amelia,V,I,æ,ewan.wav,22.3965,23.01587,HADI,ewan,V,I,ɑ
stimulus2_B,5.12801473178368,4.02666354547166,471.777355324098,394.613027456223,5.1043679716747,4.08076040262413,479.810589337422,387.672238249292,18.9785579314019,15.2288894501391,1765.00588762038,1492.43116611363,12.4509096842319,10.939437399031,1245.09096842319,1039.24655290795,B,amelia_vowels_1,amelia_vowels_33,ewan_2,amelia_vowels.wav,2.19827,2.9625,HADAH,amelia,V,A,ɑ,amelia_vowels.wav,87.27244,88.0325,HOODAH,amelia,V,A,ʊ,ewan.wav,6.19383,7.0825,HADAH,ewan,V,A,ɑ
stimulus3_A,5.43272349684222,4.31714265346246,380.290644778955,345.371412276997,4.28281040567113,3.46955165020869,299.796728396979,274.094580366487,19.2262555279917,15.629286450248,1365.06414248741,1250.34291601984,10.9452006313056,8.50808189583447,755.218843560083,663.630387875089,A,amelia_consonants_55,amelia_consonants_23,ewan_101,amelia_consonants.wav,145.1325,145.8925,EETHEE,amelia,C,I,θ,amelia_consonants.wav,61.4825,62.1525,EEKEE,amelia,C,I,k,ewan.wav,290.0925,290.7225,EETHEE,ewan,C,I,θ
stimulus4_A,4.05087911693847,4.11275680341429,263.307142601001,279.667462632172,3.67504210722373,3.42602549013817,227.852610647871,232.969733329395,13.9937774618886,14.7573219204716,909.59553502276,1003.49789059207,9.36995452846283,8.94944648578029,580.937180764696,608.56236103306,A,amelia_consonants_23,amelia_consonants_14,ewan_71,amelia_consonants.wav,61.4825,62.1525,EEKEE,amelia,C,I,k,amelia_consonants.wav,36.60264,37.21308,EETEE,amelia,C,I,t,ewan.wav,210.7425,211.2825,EEKEE,ewan,C,I,k
stimulus5_B,5.04148800770463,4.55842086703049,342.821184523915,305.414198091043,5.12711982352917,3.94648174249628,328.135668705867,260.467795004755,18.2543975596197,16.6591845234018,1241.29903405414,1116.16536306792,12.2177431533519,10.0808408445777,830.806534427931,645.173814052974,B,ewan_68,ewan_59,amelia_consonants_20,ewan.wav,201.2425,201.7625,AKAH,ewan,C,A,k,ewan.wav,177.0325,177.5625,ATAH,ewan,C,A,t,amelia_consonants.wav,53.0271,53.6525,AKAH,amelia,C,A,k
stimulus6_B,5.04148800770463,4.42071027583906,342.821184523915,282.9254576537,5.12711982352917,4.72243690618866,328.135668705867,302.235961996074,18.2543975596197,16.2997904124523,1241.29903405414,1059.4863768094,12.2177431533519,11.3545630419892,830.806534427931,726.692034687311,B,amelia_consonants_9,amelia_consonants_20,ewan_59,amelia_consonants.wav,23.47667,24.1025,ATAH,amelia,C,A,t,amelia_consonants.wav,53.0271,53.6525,AKAH,amelia,C,A,k,ewan.wav,177.0325,177.5625,ATAH,ewan,C,A,t
stimulus7_A,4.05087911693847,4.24711337410044,263.307142601001,263.321029194227,3.67504210722373,3.61245892738264,227.852610647871,223.972453497724,13.9937774618886,15.0833644641105,909.59553502276,935.168596774853,9.36995452846283,8.94739780661442,580.937180764696,554.738664010094,A,ewan_62,ewan_71,amelia_consonants_14,ewan.wav,185.2225,185.7725,EETEE,ewan,C,I,t,ewan.wav,210.7425,211.2825,EEKEE,ewan,C,I,k,amelia_consonants.wav,36.60264,37.21308,EETEE,amelia,C,I,t
stimulus8_A,5.33902398008609,4.48806656717853,411.104846466629,287.236260299426,4.18057516625406,4.06553726026763,313.543137469054,256.128847396861,18.3959465186104,16.7378153277514,1398.09193541439,1037.74455032059,12.0292812984254,9.9461131381046,902.196097381908,636.551240838694,A,amelia_consonants_7,amelia_consonants_46,ewan_56,amelia_consonants.wav,17.98056,18.54394,EEPEE,amelia,C,I,p,amelia_consonants.wav,121.8625,122.6025,EESHEE,amelia,C,I,ʃ,ewan.wav,168.7025,169.3025,EEPEE,ewan,C,I,p
stimulus9_B,5.32824572781292,4.01669947148956,346.33597230784,265.102165118311,4.36203269427748,4.8822503414671,279.170092433759,307.581771512427,18.8862561213988,14.8083061718698,1227.60664789092,977.348207343409,12.2027046052636,10.7972105135754,817.581208552663,712.615893895977,B,ewan_50,ewan_92,amelia_consonants_3,ewan.wav,152.8525,153.4425,APAH,ewan,C,A,p,ewan.wav,266.7625,267.2825,ASHAH,ewan,C,A,ʃ,amelia_consonants.wav,7.31359,7.93251,APAH,amelia,C,A,p
stimulus10_B,5.33902398008609,4.14474670545948,411.104846466629,319.14549632038,4.18057516625406,3.22669150398718,313.543137469054,242.001862799038,18.3959465186104,14.5940028095793,1398.09193541439,1123.73821633761,12.0292812984254,7.48461333335758,902.196097381908,568.830613335176,B,ewan_96,ewan_56,amelia_consonants_46,ewan.wav,276.7625,277.3325,EESHEE,ewan,C,I,ʃ,ewan.wav,168.7025,169.3025,EEPEE,ewan,C,I,p,amelia_consonants.wav,121.8625,122.6025,EESHEE,amelia,C,I,ʃ
stimulus11_A,5.32824572781292,3.76222484920206,346.33597230784,267.117964293346,4.36203269427748,3.70289034107935,279.170092433759,262.905214216634,18.8862561213988,14.1573448789912,1227.60664789092,1005.17148640837,12.2027046052636,8.99329123974035,817.581208552663,638.523678021565,A,amelia_consonants_42,amelia_consonants_3,ewan_92,amelia_consonants.wav,112.2325,112.9325,ASHAH,amelia,C,A,ʃ,amelia_consonants.wav,7.31359,7.93251,APAH,amelia,C,A,p,ewan.wav,266.7625,267.2825,ASHAH,ewan,C,A,ʃ
stimulus12_A,5.54213070847881,4.01669947148956,382.407018885038,265.102165118311,4.62879861437174,4.8822503414671,291.61431270542,307.581771512427,18.5558446765368,14.8083061718698,1280.35328268104,977.348207343409,12.3600185418053,10.7972105135754,803.401205217348,712.615893895977,A,ewan_50,ewan_83,amelia_consonants_3,ewan.wav,152.8525,153.4425,APAH,ewan,C,A,p,ewan.wav,244.4025,244.9725,ASSAH,ewan,C,A,s,amelia_consonants.wav,7.31359,7.93251,APAH,amelia,C,A,p
stimulus13_B,5.12801473178368,4.06298053366034,471.777355324098,357.54228696211,5.1043679716747,4.77431644557525,479.810589337422,381.94531564602,18.9785579314019,15.5884827142336,1765.00588762038,1356.19799613833,12.4509096842319,11.4607654932482,1245.09096842319,939.782770446356,B,ewan_34,ewan_2,amelia_vowels_33,ewan.wav,99.9925,100.7325,HOODAH,ewan,V,A,ʊ,ewan.wav,6.19383,7.0825,HADAH,ewan,V,A,ɑ,amelia_vowels.wav,87.27244,88.0325,HOODAH,amelia,V,A,ʊ
stimulus14_B,5.9119955498923,4.48806656717853,372.455719643215,287.236260299426,4.52877206098089,4.06553726026763,267.197551597873,256.128847396861,21.2876032448225,16.7378153277514,1298.54379793417,1037.74455032059,13.244307694174701,9.9461131381046,794.658461650481,636.551240838694,B,ewan_56,ewan_87,amelia_consonants_7,ewan.wav,168.7025,169.3025,EEPEE,ewan,C,I,p,ewan.wav,254.4625,255.0425,EESSEE,ewan,C,I,s,amelia_consonants.wav,17.98056,18.54394,EEPEE,amelia,C,I,p
stimulus15_B,5.54213070847881,4.58066385646578,382.407018885038,366.453108517263,4.62879861437174,4.50512958002086,291.61431270542,346.894977661606,18.5558446765368,16.8691239178949,1280.35328268104,1349.52991343159,12.3600185418053,11.0236757260067,803.401205217348,848.823030902515,B,amelia_consonants_34,amelia_consonants_3,ewan_83,amelia_consonants.wav,91.35499,92.1125,ASSAH,amelia,C,A,s,amelia_consonants.wav,7.31359,7.93251,APAH,amelia,C,A,p,ewan.wav,244.4025,244.9725,ASSAH,ewan,C,A,s
stimulus16_A,5.9119955498923,4.12817844946046,372.455719643215,288.97249146223203,4.52877206098089,3.6727697583545,267.197551597873,253.42111332646,21.2876032448225,15.1485003932378,1298.54379793417,1060.39502752664,13.244307694174701,8.61452101238219,794.658461650481,603.016470866754,A,amelia_consonants_38,amelia_consonants_7,ewan_87,amelia_consonants.wav,101.9725,102.63328,EESSEE,amelia,C,I,s,amelia_consonants.wav,17.98056,18.54394,EEPEE,amelia,C,I,p,ewan.wav,254.4625,255.0425,EESSEE,ewan,C,I,s
stimulus17_A,4.51003111449674,4.01669947148956,333.742302472759,265.102165118311,4.82036502357444,4.8822503414671,347.066281697359,307.581771512427,17.5373319377561,14.8083061718698,1280.22523145619,977.348207343409,12.5478630494574,10.7972105135754,903.446139560931,712.615893895977,A,amelia_consonants_3,amelia_consonants_49,ewan_50,amelia_consonants.wav,7.31359,7.93251,APAH,amelia,C,A,p,amelia_consonants.wav,129.9825,130.6925,ATHAH,amelia,C,A,θ,ewan.wav,152.8525,153.4425,APAH,ewan,C,A,p
stimulus18_B,5.14837341926656,4.48806656717853,396.424753283525,287.236260299426,4.19292318659999,4.06553726026763,322.855085368199,256.128847396861,18.6212038897531,16.7378153277514,1433.83269951099,1037.74455032059,11.2351498934512,9.9461131381046,865.106541795744,636.551240838694,B,amelia_consonants_7,amelia_consonants_55,ewan_56,amelia_consonants.wav,17.98056,18.54394,EEPEE,amelia,C,I,p,amelia_consonants.wav,145.1325,145.8925,EETHEE,amelia,C,I,θ,ewan.wav,168.7025,169.3025,EEPEE,ewan,C,I,p
stimulus19_B,5.14837341926656,4.31714265346246,396.424753283525,345.371412276997,4.19292318659999,3.46955165020869,322.855085368199,274.094580366487,18.6212038897531,15.629286450248,1433.83269951099,1250.34291601984,11.2351498934512,8.50808189583447,865.106541795744,663.630387875089,B,ewan_101,ewan_56,amelia_consonants_55,ewan.wav,290.0925,290.7225,EETHEE,ewan,C,I,θ,ewan.wav,168.7025,169.3025,EEPEE,ewan,C,I,p,amelia_consonants.wav,145.1325,145.8925,EETHEE,amelia,C,I,θ
stimulus20_A,4.51003111449674,3.98559776778026,333.742302472759,294.934234815739,4.82036502357444,3.96703868232964,347.066281697359,285.626785127734,17.5373319377561,15.1429041082061,1280.22523145619,1120.57490400725,12.5478630494574,9.92197937938285,903.446139560931,714.382515315565,A,ewan_97,ewan_50,amelia_consonants_49,ewan.wav,279.7725,280.3225,ATHAH,ewan,C,A,θ,ewan.wav,152.8525,153.4425,APAH,ewan,C,A,p,amelia_consonants.wav,129.9825,130.6925,ATHAH,amelia,C,A,θ
stimulus21_A,4.20332435191878,4.48806656717853,256.402785467046,287.236260299426,3.95938267035673,4.06553726026763,229.64419488069,256.128847396861,15.1552134108962,16.7378153277514,924.46801806467,1037.74455032059,9.85472528156983,9.9461131381046,581.42879161262,636.551240838694,A,ewan_56,ewan_62,amelia_consonants_7,ewan.wav,168.7025,169.3025,EEPEE,ewan,C,I,p,ewan.wav,185.2225,185.7725,EETEE,ewan,C,I,t,amelia_consonants.wav,17.98056,18.54394,EEPEE,amelia,C,I,p
stimulus22_B,4.84284869241275,4.48806656717853,305.099467622003,287.236260299426,3.96089395657529,4.06553726026763,257.458107177394,256.128847396861,17.0435522776711,16.7378153277514,1073.74379349328,1037.74455032059,10.5505514163449,9.9461131381046,696.336393478766,636.551240838694,B,amelia_consonants_7,amelia_consonants_14,ewan_56,amelia_consonants.wav,17.98056,18.54394,EEPEE,amelia,C,I,p,amelia_consonants.wav,36.60264,37.21308,EETEE,amelia,C,I,t,ewan.wav,168.7025,169.3025,EEPEE,ewan,C,I,p
stimulus23_B,4.65425375791336,4.42071027583906,307.180748022282,282.9254576537,5.19875598961083,4.72243690618866,327.521627345482,302.235961996074,17.3701092667877,16.2997904124523,1146.42721160799,1059.4863768094,12.5838198334385,11.3545630419892,843.115928840382,726.692034687311,B,ewan_59,ewan_50,amelia_consonants_9,ewan.wav,177.0325,177.5625,ATAH,ewan,C,A,t,ewan.wav,152.8525,153.4425,APAH,ewan,C,A,p,amelia_consonants.wav,23.47667,24.1025,ATAH,amelia,C,A,t
stimulus24_A,4.22072288459533,3.9664110973132,337.657830767626,325.245709979682,4.08333256610454,4.24074807313773,322.583272722259,322.296853558468,15.1675685200922,14.754922362714,1213.40548160737,1224.65855610526,10.3980403513089,10.6179828768912,831.843228104708,796.348715766843,A,amelia_vowels_39,amelia_vowels_5,ewan_37,amelia_vowels.wav,101.46732,102.16942,HOODI,amelia,V,I,ʊ,amelia_vowels.wav,12.5659,13.30968,HADI,amelia,V,I,ɑ,ewan.wav,109.0925,109.8025,HOODI,ewan,V,I,ʊ
stimulus25_A,4.18829117710297,4.42071027583906,268.05063533459,282.9254576537,4.3593416128565,4.72243690618866,274.638521609959,302.235961996074,14.9097660927997,16.2997904124523,954.22502993918,1059.4863768094,10.561049008368,11.3545630419892,665.346087527184,726.692034687311,A,amelia_consonants_9,amelia_consonants_3,ewan_59,amelia_consonants.wav,23.47667,24.1025,ATAH,amelia,C,A,t,amelia_consonants.wav,7.31359,7.93251,APAH,amelia,C,A,p,ewan.wav,177.0325,177.5625,ATAH,ewan,C,A,t
stimulus26_A,4.8894722654565,4.14474670545948,342.263058581955,319.14549632038,4.18797635886838,3.22669150398718,280.594416044182,242.001862799038,18.3118338072565,14.5940028095793,1281.82836650795,1123.73821633761,10.4342486202868,7.48461333335758,719.963154799786,568.830613335176,A,amelia_consonants_46,amelia_consonants_38,ewan_96,amelia_consonants.wav,121.8625,122.6025,EESHEE,amelia,C,I,ʃ,amelia_consonants.wav,101.9725,102.63328,EESSEE,amelia,C,I,s,ewan.wav,276.7625,277.3325,EESHEE,ewan,C,I,ʃ
stimulus27_B,3.96869683545233,3.76222484920206,293.683565823472,267.117964293346,4.26067006370642,3.70289034107935,306.768244586862,262.905214216634,13.801211653482,14.1573448789912,1021.28966235767,1005.17148640837,10.6471853149794,8.99329123974035,766.597342678517,638.523678021565,B,ewan_92,ewan_83,amelia_consonants_42,ewan.wav,266.7625,267.2825,ASHAH,ewan,C,A,ʃ,ewan.wav,244.4025,244.9725,ASSAH,ewan,C,A,s,amelia_consonants.wav,112.2325,112.9325,ASHAH,amelia,C,A,ʃ
stimulus28_B,4.8894722654565,4.12817844946046,342.263058581955,288.97249146223203,4.18797635886838,3.6727697583545,280.594416044182,253.42111332646,18.3118338072565,15.1485003932378,1281.82836650795,1060.39502752664,10.4342486202868,8.61452101238219,719.963154799786,603.016470866754,B,ewan_87,ewan_96,amelia_consonants_38,ewan.wav,254.4625,255.0425,EESSEE,ewan,C,I,s,ewan.wav,276.7625,277.3325,EESHEE,ewan,C,I,ʃ,amelia_consonants.wav,101.9725,102.63328,EESSEE,amelia,C,I,s
stimulus29_A,3.96869683545233,4.58066385646578,293.683565823472,366.453108517263,4.26067006370642,4.50512958002086,306.768244586862,346.894977661606,13.801211653482,16.8691239178949,1021.28966235767,1349.52991343159,10.6471853149794,11.0236757260067,766.597342678517,848.823030902515,A,amelia_consonants_34,amelia_consonants_42,ewan_83,amelia_consonants.wav,91.35499,92.1125,ASSAH,amelia,C,A,s,amelia_consonants.wav,112.2325,112.9325,ASHAH,amelia,C,A,ʃ,ewan.wav,244.4025,244.9725,ASSAH,ewan,C,A,s
stimulus30_A,4.63728990034391,3.76222484920206,343.159452625449,267.117964293346,3.83607137808383,3.70289034107935,276.197139222036,262.905214216634,17.825352159979,14.1573448789912,1319.07605983844,1005.17148640837,10.2110080479826,8.99329123974035,745.403587502728,638.523678021565,A,amelia_consonants_42,amelia_consonants_49,ewan_92,amelia_consonants.wav,112.2325,112.9325,ASHAH,amelia,C,A,ʃ,amelia_consonants.wav,129.9825,130.6925,ATHAH,amelia,C,A,θ,ewan.wav,266.7625,267.2825,ASHAH,ewan,C,A,ʃ
stimulus31_B,4.19277961696579,4.14474670545948,322.844030506366,319.14549632038,3.94824920549333,3.22669150398718,296.118690412,242.001862799038,14.050918299719,14.5940028095793,1081.92070907836,1123.73821633761,9.9311722820639,7.48461333335758,754.769093436857,568.830613335176,B,ewan_96,ewan_101,amelia_consonants_46,ewan.wav,276.7625,277.3325,EESHEE,ewan,C,I,ʃ,ewan.wav,290.0925,290.7225,EETHEE,ewan,C,I,θ,amelia_consonants.wav,121.8625,122.6025,EESHEE,amelia,C,I,ʃ
stimulus32_B,4.63728990034391,3.98559776778026,343.159452625449,294.934234815739,3.83607137808383,3.96703868232964,276.197139222036,285.626785127734,17.825352159979,15.1429041082061,1319.07605983844,1120.57490400725,10.2110080479826,9.92197937938285,745.403587502728,714.382515315565,B,ewan_97,ewan_92,amelia_consonants_49,ewan.wav,279.7725,280.3225,ATHAH,ewan,C,A,θ,ewan.wav,266.7625,267.2825,ASHAH,ewan,C,A,ʃ,amelia_consonants.wav,129.9825,130.6925,ATHAH,amelia,C,A,θ
stimulus33_A,4.19277961696579,4.31714265346246,322.844030506366,345.371412276997,3.94824920549333,3.46955165020869,296.118690412,274.094580366487,14.050918299719,15.629286450248,1081.92070907836,1250.34291601984,9.9311722820639,8.50808189583447,754.769093436857,663.630387875089,A,amelia_consonants_55,amelia_consonants_46,ewan_101,amelia_consonants.wav,145.1325,145.8925,EETHEE,amelia,C,I,θ,amelia_consonants.wav,121.8625,122.6025,EESHEE,amelia,C,I,ʃ,ewan.wav,290.0925,290.7225,EETHEE,ewan,C,I,θ
stimulus34_A,4.26112267757465,4.14474670545948,319.584200818099,319.14549632038,3.45991070527947,3.22669150398718,259.49330289596,242.001862799038,14.3277804653239,14.5940028095793,1074.5835348993,1123.73821633761,9.1562243005707,7.48461333335758,686.716822542802,568.830613335176,A,ewan_96,ewan_62,amelia_consonants_46,ewan.wav,276.7625,277.3325,EESHEE,ewan,C,I,ʃ,ewan.wav,185.2225,185.7725,EETEE,ewan,C,I,t,amelia_consonants.wav,121.8625,122.6025,EESHEE,amelia,C,I,ʃ
stimulus35_A,3.55045724360568,4.02666354547166,365.697096091385,394.613027456223,4.83277944486681,4.08076040262413,434.950150038013,387.672238249292,14.09465858861,15.2288894501391,1465.84449321544,1492.43116611363,10.7816841552388,10.939437399031,1088.95009967912,1039.24655290795,A,amelia_vowels_1,amelia_vowels_25,ewan_2,amelia_vowels.wav,2.19827,2.9625,HADAH,amelia,V,A,ɑ,amelia_vowels.wav,66.85124,67.6025,HUHDAH,amelia,V,A,ʌ,ewan.wav,6.19383,7.0825,HADAH,ewan,V,A,ɑ
stimulus36_B,5.03533918284728,3.76222484920206,327.297046885073,267.117964293346,4.43687676054202,3.70289034107935,279.523235914147,262.905214216634,18.6544983750579,14.1573448789912,1212.54239437876,1005.17148640837,10.5778274856021,8.99329123974035,740.447923992145,638.523678021565,B,amelia_consonants_42,amelia_consonants_9,ewan_92,amelia_consonants.wav,112.2325,112.9325,ASHAH,amelia,C,A,ʃ,amelia_consonants.wav,23.47667,24.1025,ATAH,amelia,C,A,t,ewan.wav,266.7625,267.2825,ASHAH,ewan,C,A,ʃ
stimulus37_B,5.03533918284728,4.42071027583906,327.297046885073,282.9254576537,4.43687676054202,4.72243690618866,279.523235914147,302.235961996074,18.6544983750579,16.2997904124523,1212.54239437876,1059.4863768094,10.5778274856021,11.3545630419892,740.447923992145,726.692034687311,B,ewan_59,ewan_92,amelia_consonants_9,ewan.wav,177.0325,177.5625,ATAH,ewan,C,A,t,ewan.wav,266.7625,267.2825,ASHAH,ewan,C,A,ʃ,amelia_consonants.wav,23.47667,24.1025,ATAH,amelia,C,A,t
stimulus38_A,4.26112267757465,4.24711337410044,319.584200818099,263.321029194227,3.45991070527947,3.61245892738264,259.49330289596,223.972453497724,14.3277804653239,15.0833644641105,1074.5835348993,935.168596774853,9.1562243005707,8.94739780661442,686.716822542802,554.738664010094,A,amelia_consonants_14,amelia_consonants_46,ewan_62,amelia_consonants.wav,36.60264,37.21308,EETEE,amelia,C,I,t,amelia_consonants.wav,121.8625,122.6025,EESHEE,amelia,C,I,ʃ,ewan.wav,185.2225,185.7725,EETEE,ewan,C,I,t
stimulus39_A,4.10048633166001,4.12817844946046,295.235015879521,288.97249146223203,3.97853296971343,3.6727697583545,274.518774910226,253.42111332646,14.832487774013,15.1485003932378,1067.9391197289401,1060.39502752664,9.24849945106926,8.61452101238219,647.394961574848,603.016470866754,A,ewan_87,ewan_101,amelia_consonants_38,ewan.wav,254.4625,255.0425,EESSEE,ewan,C,I,s,ewan.wav,290.0925,290.7225,EETHEE,ewan,C,I,θ,amelia_consonants.wav,101.9725,102.63328,EESSEE,amelia,C,I,s
stimulus40_B,4.39980259784065,4.58066385646578,338.78480003373,366.453108517263,4.26003370010798,4.50512958002086,328.022594908314,346.894977661606,16.7093111515064,16.8691239178949,1286.61695866599,1349.52991343159,11.1010846810418,11.0236757260067,854.783520440222,848.823030902515,B,ewan_83,ewan_97,amelia_consonants_34,ewan.wav,244.4025,244.9725,ASSAH,ewan,C,A,s,ewan.wav,279.7725,280.3225,ATHAH,ewan,C,A,θ,amelia_consonants.wav,91.35499,92.1125,ASSAH,amelia,C,A,s
stimulus41_B,4.10048633166001,4.31714265346246,295.235015879521,345.371412276997,3.97853296971343,3.46955165020869,274.518774910226,274.094580366487,14.832487774013,15.629286450248,1067.9391197289401,1250.34291601984,9.24849945106926,8.50808189583447,647.394961574848,663.630387875089,B,amelia_consonants_55,amelia_consonants_38,ewan_101,amelia_consonants.wav,145.1325,145.8925,EETHEE,amelia,C,I,θ,amelia_consonants.wav,101.9725,102.63328,EESSEE,amelia,C,I,s,ewan.wav,290.0925,290.7225,EETHEE,ewan,C,I,θ
stimulus42_A,4.39980259784065,3.98559776778026,338.78480003373,294.934234815739,4.26003370010798,3.96703868232964,328.022594908314,285.626785127734,16.7093111515064,15.1429041082061,1286.61695866599,1120.57490400725,11.1010846810418,9.92197937938285,854.783520440222,714.382515315565,A,amelia_consonants_49,amelia_consonants_34,ewan_97,amelia_consonants.wav,129.9825,130.6925,ATHAH,amelia,C,A,θ,amelia_consonants.wav,91.35499,92.1125,ASSAH,amelia,C,A,s,ewan.wav,279.7725,280.3225,ATHAH,ewan,C,A,θ
stimulus43_A,5.39314867567977,4.58066385646578,372.127258621904,366.453108517263,4.99600027847614,4.50512958002086,314.748017543997,346.894977661606,18.8153488647023,16.8691239178949,1298.25907166446,1349.52991343159,12.564950240591,11.0236757260067,816.721765638415,848.823030902515,A,amelia_consonants_34,amelia_consonants_9,ewan_83,amelia_consonants.wav,91.35499,92.1125,ASSAH,amelia,C,A,s,amelia_consonants.wav,23.47667,24.1025,ATAH,amelia,C,A,t,ewan.wav,244.4025,244.9725,ASSAH,ewan,C,A,s
stimulus44_B,4.3352198331901,4.12817844946046,303.465388323307,288.97249146223203,3.76966049266601,3.6727697583545,260.106573993954,253.42111332646,15.8309467868537,15.1485003932378,1108.16627507976,1060.39502752664,9.27075068072851,8.61452101238219,648.952547650996,603.016470866754,B,ewan_87,ewan_62,amelia_consonants_38,ewan.wav,254.4625,255.0425,EESSEE,ewan,C,I,s,ewan.wav,185.2225,185.7725,EETEE,ewan,C,I,t,amelia_consonants.wav,101.9725,102.63328,EESSEE,amelia,C,I,s
stimulus45_B,4.3352198331901,4.24711337410044,303.465388323307,263.321029194227,3.76966049266601,3.61245892738264,260.106573993954,223.972453497724,15.8309467868537,15.0833644641105,1108.16627507976,935.168596774853,9.27075068072851,8.94739780661442,648.952547650996,554.738664010094,B,amelia_consonants_14,amelia_consonants_38,ewan_62,amelia_consonants.wav,36.60264,37.21308,EETEE,amelia,C,I,t,amelia_consonants.wav,101.9725,102.63328,EESSEE,amelia,C,I,s,ewan.wav,185.2225,185.7725,EETEE,ewan,C,I,t
stimulus46_B,4.05628738321431,4.95926823694916,336.671852806788,376.904386008136,4.28570110255016,4.24158644606135,334.284685998912,318.118983454601,14.3834337551652,18.4878260846476,1222.59186918904,1405.07478243322,10.4249597129284,11.2910784776832,813.146857608412,846.830885826241,B,ewan_8,ewan_29,amelia_vowels_5,ewan.wav,22.3965,23.01587,HADI,ewan,V,I,ɑ,ewan.wav,85.39155,86.1325,HUHDI,ewan,V,I,ʌ,amelia_vowels.wav,12.5659,13.30968,HADI,amelia,V,I,ɑ
stimulus47_A,5.39314867567977,4.42071027583906,372.127258621904,282.9254576537,4.99600027847614,4.72243690618866,314.748017543997,302.235961996074,18.8153488647023,16.2997904124523,1298.25907166446,1059.4863768094,12.564950240591,11.3545630419892,816.721765638415,726.692034687311,A,ewan_59,ewan_83,amelia_consonants_9,ewan.wav,177.0325,177.5625,ATAH,ewan,C,A,t,ewan.wav,244.4025,244.9725,ASSAH,ewan,C,A,s,amelia_consonants.wav,23.47667,24.1025,ATAH,amelia,C,A,t
stimulus48_A,5.54150411623532,4.31714265346246,365.739271671531,345.371412276997,4.51252701003646,3.46955165020869,288.801728642333,274.094580366487,19.7233026900849,15.629286450248,1282.01467485552,1250.34291601984,10.4725377509648,8.50808189583447,722.60510481657,663.630387875089,A,amelia_consonants_55,amelia_consonants_14,ewan_101,amelia_consonants.wav,145.1325,145.8925,EETHEE,amelia,C,I,θ,amelia_consonants.wav,36.60264,37.21308,EETEE,amelia,C,I,t,ewan.wav,290.0925,290.7225,EETHEE,ewan,C,I,θ
stimulus49_B,4.5789136599509,4.31714265346246,352.57635181622,345.371412276997,3.63737088422293,3.46955165020869,280.077558085165,274.094580366487,16.34024965908,15.629286450248,1258.19922374916,1250.34291601984,9.30145795925897,8.50808189583447,716.212262862941,663.630387875089,B,ewan_101,ewan_62,amelia_consonants_55,ewan.wav,290.0925,290.7225,EETHEE,ewan,C,I,θ,ewan.wav,185.2225,185.7725,EETEE,ewan,C,I,t,amelia_consonants.wav,145.1325,145.8925,EETHEE,amelia,C,I,θ
stimulus50_B,4.70504859458997,4.42071027583906,305.828158648348,282.9254576537,4.58245379370546,4.72243690618866,288.694589003444,302.235961996074,17.044905096462,16.2997904124523,1107.91883127003,1059.4863768094,11.9113401221626,11.3545630419892,774.237107940567,726.692034687311,B,ewan_59,ewan_97,amelia_consonants_9,ewan.wav,177.0325,177.5625,ATAH,ewan,C,A,t,ewan.wav,279.7725,280.3225,ATHAH,ewan,C,A,θ,amelia_consonants.wav,23.47667,24.1025,ATAH,amelia,C,A,t
stimulus51_A,4.31729972799473,4.42071027583906,315.162880143616,282.9254576537,4.35732375621912,4.72243690618866,313.727310447777,302.235961996074,16.3512308745619,16.2997904124523,1193.63985384302,1059.4863768094,11.2144497269748,11.3545630419892,807.440380342185,726.692034687311,A,amelia_consonants_9,amelia_consonants_49,ewan_59,amelia_consonants.wav,23.47667,24.1025,ATAH,amelia,C,A,t,amelia_consonants.wav,129.9825,130.6925,ATHAH,amelia,C,A,θ,ewan.wav,177.0325,177.5625,ATAH,ewan,C,A,t
stimulus52_B,4.05628738321431,3.99646613438102,336.671852806788,307.727892347338,4.28570110255016,4.40234221387449,334.284685998912,334.578008254461,14.3834337551652,14.8686601302395,1222.59186918904,1144.88683002844,10.4249597129284,10.4906071137096,813.146857608412,807.77674775564,B,amelia_vowels_30,amelia_vowels_5,ewan_29,amelia_vowels.wav,79.21868,79.88909,HUHDI,amelia,V,I,ʌ,amelia_vowels.wav,12.5659,13.30968,HADI,amelia,V,I,ɑ,ewan.wav,85.39155,86.1325,HUHDI,ewan,V,I,ʌ
stimulus53_A,3.55045724360568,3.95044152940679,365.697096091385,327.886646940764,4.83277944486681,4.44356003437991,434.950150038013,368.815482853533,14.09465858861,15.3384007596681,1465.84449321544,1273.08726305245,10.7816841552388,10.8312483699675,1088.95009967912,898.993614707303,A,ewan_28,ewan_2,amelia_vowels_25,ewan.wav,81.0625,81.7525,HUHDAH,ewan,V,A,ʌ,ewan.wav,6.19383,7.0825,HADAH,ewan,V,A,ɑ,amelia_vowels.wav,66.85124,67.6025,HUHDAH,amelia,V,A,ʌ
stimulus54_A,4.62332938740719,4.95926823694916,365.243021605168,376.904386008136,4.67168315658694,4.24158644606135,355.047919900608,318.118983454601,16.4669458294172,18.4878260846476,1300.88872052396,1405.07478243322,11.7748261507187,11.2910784776832,894.886787454625,846.830885826241,A,ewan_8,ewan_46,amelia_vowels_5,ewan.wav,22.3965,23.01587,HADI,ewan,V,I,ɑ,ewan.wav,134.9925,135.7425,WHODI,ewan,V,I,u,amelia_vowels.wav,12.5659,13.30968,HADI,amelia,V,I,ɑ
stimulus55_B,5.27830753641063,4.02666354547166,475.047678276956,394.613027456223,5.45072699382694,4.08076040262413,490.565429444425,387.672238249292,18.8153883925327,15.2288894501391,1749.83112050554,1492.43116611363,14.1160226557975,10.939437399031,1270.44203902177,1039.24655290795,B,amelia_vowels_1,amelia_vowels_41,ewan_2,amelia_vowels.wav,2.19827,2.9625,HADAH,amelia,V,A,ɑ,amelia_vowels.wav,107.22875,107.96148,WHODAH,amelia,V,A,u,ewan.wav,6.19383,7.0825,HADAH,ewan,V,A,ɑ
stimulus56_B,5.27830753641063,3.79074348909074,475.047678276956,322.213196572713,5.45072699382694,5.4042412931454,490.565429444425,399.91385569276,18.8153883925327,14.5885692172818,1749.83112050554,1240.02838346895,14.1160226557975,10.6753322185535,1270.44203902177,907.403238577051,B,ewan_43,ewan_2,amelia_vowels_41,ewan.wav,126.2825,127.0125,WHODAH,ewan,V,A,u,ewan.wav,6.19383,7.0825,HADAH,ewan,V,A,ɑ,amelia_vowels.wav,107.22875,107.96148,WHODAH,amelia,V,A,u
stimulus57_B,3.77334147819593,4.02666354547166,377.334147819593,394.613027456223,4.48041844813795,4.08076040262413,439.081007917519,387.672238249292,14.4381863846069,15.2288894501391,1443.81863846069,1492.43116611363,11.02823370384,10.939437399031,1091.79513668016,1039.24655290795,B,amelia_vowels_1,amelia_vowels_11,ewan_2,amelia_vowels.wav,2.19827,2.9625,HADAH,amelia,V,A,ɑ,amelia_vowels.wav,27.47216,28.2425,HAEDAH,amelia,V,A,æ,ewan.wav,6.19383,7.0825,HADAH,ewan,V,A,ɑ
stimulus58_A,4.62332938740719,4.18237789471523,365.243021605168,368.04925473494,4.67168315658694,4.37135386695183,355.047919900608,380.307786424809,16.4669458294172,15.1472904422494,1300.88872052396,1332.96155891795,11.7748261507187,9.75093569430409,894.886787454625,848.331405404456,A,amelia_vowels_48,amelia_vowels_5,ewan_46,amelia_vowels.wav,123.87499,124.5925,WHODI,amelia,V,I,u,amelia_vowels.wav,12.5659,13.30968,HADI,amelia,V,I,ɑ,ewan.wav,134.9925,135.7425,WHODI,ewan,V,I,u
stimulus59_A,4.76148448621384,3.70616423991709,409.48766581439,326.142453112704,5.00586593900192,4.00754968411525,400.469275120153,344.649272833911,17.0336809124026,14.4627948228867,1481.93023937902,1272.72594441403,13.5909048336691,10.252827132586,1128.04510119454,881.743133402397,A,ewan_10,ewan_19,amelia_vowels_11,ewan.wav,28.6807,29.4125,HAEDAH,ewan,V,A,æ,ewan.wav,54.4125,55.1725,HEEDAH,ewan,V,A,i,amelia_vowels.wav,27.47216,28.2425,HAEDAH,amelia,V,A,æ
stimulus60_B,4.70645309179655,3.48717303745589,437.700137537079,299.896881221206,4.41997974154009,3.64689238010162,366.858318547828,302.692067548435,16.9074914604353,13.1291527489823,1555.48921436005,1115.9779836635,11.9183855292023,9.0011929855699009,989.225998923787,747.099017802302,B,ewan_14,ewan_21,amelia_vowels_15,ewan.wav,40.24068,40.9225,HAEDI,ewan,V,I,æ,ewan.wav,60.9271,61.7525,HEEDI,ewan,V,I,i,amelia_vowels.wav,37.6934,38.4725,HAEDI,amelia,V,I,æ
stimulus61_B,4.70645309179655,3.87537830462639,437.700137537079,372.036317244134,4.41997974154009,3.87968162779801,366.858318547828,345.291664874023,16.9074914604353,14.1091743330373,1555.48921436005,1340.37156163855,11.9183855292023,8.94712395989206,989.225998923787,858.923900149637,B,amelia_vowels_22,amelia_vowels_15,ewan_21,amelia_vowels.wav,57.64913,58.41293,HEEDI,amelia,V,I,i,amelia_vowels.wav,37.6934,38.4725,HAEDI,amelia,V,I,æ,ewan.wav,60.9271,61.7525,HEEDI,ewan,V,I,i
stimulus62_A,4.76148448621384,3.69866995004697,409.48766581439,362.469655104604,5.00586593900192,3.65019895541914,400.469275120153,346.768900764819,17.0336809124026,14.4764724569268,1481.93023937902,1346.31193849419,13.5909048336691,9.67149655217452,1128.04510119454,928.463669008754,A,amelia_vowels_17,amelia_vowels_11,ewan_19,amelia_vowels.wav,44.25247,45.0725,HEEDAH,amelia,V,A,i,amelia_vowels.wav,27.47216,28.2425,HAEDAH,amelia,V,A,æ,ewan.wav,54.4125,55.1725,HEEDAH,ewan,V,A,i
stimulus63_A,4.34888625680199,3.70616423991709,395.748649368981,326.142453112704,5.29853767562357,4.00754968411525,413.285938698638,344.649272833911,20.0213602015851,14.4627948228867,1581.68745592522,1272.72594441403,12.0347346927702,10.252827132586,1059.05665296378,881.743133402397,A,amelia_vowels_11,amelia_vowels_33,ewan_10,amelia_vowels.wav,27.47216,28.2425,HAEDAH,amelia,V,A,æ,amelia_vowels.wav,87.27244,88.0325,HOODAH,amelia,V,A,ʊ,ewan.wav,28.6807,29.4125,HAEDAH,ewan,V,A,æ
stimulus64_B,4.38857206042303,3.48717303745589,394.971485438072,299.896881221206,4.44559655905821,3.64689238010162,364.538917842773,302.692067548435,16.5170753138787,13.1291527489823,1486.53677824908,1115.9779836635,11.0816351608752,9.0011929855699009,964.102258996145,747.099017802302,B,amelia_vowels_15,amelia_vowels_39,ewan_14,amelia_vowels.wav,37.6934,38.4725,HAEDI,amelia,V,I,æ,amelia_vowels.wav,101.46732,102.16942,HOODI,amelia,V,I,ʊ,ewan.wav,40.24068,40.9225,HAEDI,ewan,V,I,æ
stimulus65_B,4.38857206042303,3.9664110973132,394.971485438072,325.245709979682,4.44559655905821,4.24074807313773,364.538917842773,322.296853558468,16.5170753138787,14.754922362714,1486.53677824908,1224.65855610526,11.0816351608752,10.6179828768912,964.102258996145,796.348715766843,B,ewan_37,ewan_14,amelia_vowels_39,ewan.wav,109.0925,109.8025,HOODI,ewan,V,I,ʊ,ewan.wav,40.24068,40.9225,HAEDI,ewan,V,I,æ,amelia_vowels.wav,101.46732,102.16942,HOODI,amelia,V,I,ʊ
stimulus66_A,4.34888625680199,4.06298053366034,395.748649368981,357.54228696211,5.29853767562357,4.77431644557525,413.285938698638,381.94531564602,20.0213602015851,15.5884827142336,1581.68745592522,1356.19799613833,12.0347346927702,11.4607654932482,1059.05665296378,939.782770446356,A,ewan_34,ewan_10,amelia_vowels_33,ewan.wav,99.9925,100.7325,HOODAH,ewan,V,A,ʊ,ewan.wav,28.6807,29.4125,HAEDAH,ewan,V,A,æ,amelia_vowels.wav,87.27244,88.0325,HOODAH,amelia,V,A,ʊ
stimulus67_A,4.286718044524,3.70616423991709,342.93744356192,326.142453112704,4.67475617013922,4.00754968411525,373.980493611137,344.649272833911,16.032608592648,14.4627948228867,1282.60868741184,1272.72594441403,11.4200564071696,10.252827132586,913.604512573572,881.743133402397,A,ewan_10,ewan_28,amelia_vowels_11,ewan.wav,28.6807,29.4125,HAEDAH,ewan,V,A,æ,ewan.wav,81.0625,81.7525,HUHDAH,ewan,V,A,ʌ,amelia_vowels.wav,27.47216,28.2425,HAEDAH,amelia,V,A,æ
stimulus68_B,3.77334147819593,3.70616423991709,377.334147819593,326.142453112704,4.48041844813795,4.00754968411525,439.081007917519,344.649272833911,14.4381863846069,14.4627948228867,1443.81863846069,1272.72594441403,11.02823370384,10.252827132586,1091.79513668016,881.743133402397,B,ewan_10,ewan_2,amelia_vowels_11,ewan.wav,28.6807,29.4125,HAEDAH,ewan,V,A,æ,ewan.wav,6.19383,7.0825,HADAH,ewan,V,A,ɑ,amelia_vowels.wav,27.47216,28.2425,HAEDAH,amelia,V,A,æ
stimulus69_B,3.62252144314077,3.70616423991709,329.64945132581,326.142453112704,4.62359747438766,4.00754968411525,351.393408053462,344.649272833911,14.5434702310359,14.4627948228867,1323.45579102426,1272.72594441403,12.3668007054237,10.252827132586,939.8768536122,881.743133402397,B,amelia_vowels_11,amelia_vowels_25,ewan_10,amelia_vowels.wav,27.47216,28.2425,HAEDAH,amelia,V,A,æ,amelia_vowels.wav,66.85124,67.6025,HUHDAH,amelia,V,A,ʌ,ewan.wav,28.6807,29.4125,HAEDAH,ewan,V,A,æ
stimulus70_B,4.01565820377084,3.99646613438102,329.283972709209,307.727892347338,4.10876441510833,4.40234221387449,332.809917623775,334.578008254461,14.5029199721207,14.8686601302395,1189.2394377139,1144.88683002844,9.98577496285595,10.4906071137096,808.847771991332,807.77674775564,B,amelia_vowels_30,amelia_vowels_15,ewan_29,amelia_vowels.wav,79.21868,79.88909,HUHDI,amelia,V,I,ʌ,amelia_vowels.wav,37.6934,38.4725,HAEDI,amelia,V,I,æ,ewan.wav,85.39155,86.1325,HUHDI,ewan,V,I,ʌ
stimulus71_A,3.53208070633053,3.99646613438102,282.566456506442,307.727892347338,3.71944962245227,4.40234221387449,290.117070551277,334.578008254461,13.4585439900638,14.8686601302395,1090.14206319517,1144.88683002844,9.20861207446759,10.4906071137096,736.688965957407,807.77674775564,A,ewan_29,ewan_14,amelia_vowels_30,ewan.wav,85.39155,86.1325,HUHDI,ewan,V,I,ʌ,ewan.wav,40.24068,40.9225,HAEDI,ewan,V,I,æ,amelia_vowels.wav,79.21868,79.88909,HUHDI,amelia,V,I,ʌ
stimulus72_A,5.05774885832656,3.70616423991709,409.677657524451,326.142453112704,5.62208606557992,4.00754968411525,416.034368852914,344.649272833911,17.9806027098857,14.4627948228867,1528.35123034028,1272.72594441403,11.825057721362,10.252827132586,1028.78002175849,881.743133402397,A,amelia_vowels_11,amelia_vowels_41,ewan_10,amelia_vowels.wav,27.47216,28.2425,HAEDAH,amelia,V,A,æ,amelia_vowels.wav,107.22875,107.96148,WHODAH,amelia,V,A,u,ewan.wav,28.6807,29.4125,HAEDAH,ewan,V,A,æ
stimulus73_B,5.14119709021195,3.48717303745589,447.28414684844,299.896881221206,4.59119113265533,3.64689238010162,367.295290612427,302.692067548435,18.9503576983698,13.1291527489823,1648.68111975817,1115.9779836635,10.9442040364744,9.0011929855699009,919.313139063853,747.099017802302,B,amelia_vowels_15,amelia_vowels_48,ewan_14,amelia_vowels.wav,37.6934,38.4725,HAEDI,amelia,V,I,æ,amelia_vowels.wav,123.87499,124.5925,WHODI,amelia,V,I,u,ewan.wav,40.24068,40.9225,HAEDI,ewan,V,I,æ
stimulus74_B,5.14119709021195,4.18237789471523,447.28414684844,368.04925473494,4.59119113265533,4.37135386695183,367.295290612427,380.307786424809,18.9503576983698,15.1472904422494,1648.68111975817,1332.96155891795,10.9442040364744,9.75093569430409,919.313139063853,848.331405404456,B,ewan_46,ewan_14,amelia_vowels_48,ewan.wav,134.9925,135.7425,WHODI,ewan,V,I,u,ewan.wav,40.24068,40.9225,HAEDI,ewan,V,I,æ,amelia_vowels.wav,123.87499,124.5925,WHODI,amelia,V,I,u
stimulus75_A,5.05774885832656,3.79074348909074,409.677657524451,322.213196572713,5.62208606557992,5.4042412931454,416.034368852914,399.91385569276,17.9806027098857,14.5885692172818,1528.35123034028,1240.02838346895,11.825057721362,10.6753322185535,1028.78002175849,907.403238577051,A,ewan_43,ewan_10,amelia_vowels_41,ewan.wav,126.2825,127.0125,WHODAH,ewan,V,A,u,ewan.wav,28.6807,29.4125,HAEDAH,ewan,V,A,æ,amelia_vowels.wav,107.22875,107.96148,WHODAH,amelia,V,A,u
stimulus76_A,4.75843962536108,3.87537830462639,371.158290778164,372.036317244134,4.55853080481398,3.87968162779801,351.006871970676,345.291664874023,17.3644266496939,14.1091743330373,1354.42527867612,1340.37156163855,12.6227448071564,8.94712395989206,971.951350151046,858.923900149637,A,ewan_21,ewan_37,amelia_vowels_22,ewan.wav,60.9271,61.7525,HEEDI,ewan,V,I,i,ewan.wav,109.0925,109.8025,HOODI,ewan,V,I,ʊ,amelia_vowels.wav,57.64913,58.41293,HEEDI,amelia,V,I,i
stimulus77_B,4.22461280073312,3.87537830462639,401.338216069646,372.036317244134,4.11713444364956,3.87968162779801,358.190696597512,345.291664874023,15.6874460097837,14.1091743330373,1490.30737092945,1340.37156163855,10.3504872484991,8.94712395989206,931.543852364922,858.923900149637,B,amelia_vowels_22,amelia_vowels_39,ewan_21,amelia_vowels.wav,57.64913,58.41293,HEEDI,amelia,V,I,i,amelia_vowels.wav,101.46732,102.16942,HOODI,amelia,V,I,ʊ,ewan.wav,60.9271,61.7525,HEEDI,ewan,V,I,i
stimulus78_B,4.39756445455993,4.06298053366034,404.575929819514,357.54228696211,5.09901203621907,4.77431644557525,423.217999006183,381.94531564602,16.7227383392733,15.5884827142336,1505.0464505346,1356.19799613833,13.7481617252906,11.4607654932482,1168.5937466497,939.782770446356,B,ewan_34,ewan_19,amelia_vowels_33,ewan.wav,99.9925,100.7325,HOODAH,ewan,V,A,ʊ,ewan.wav,54.4125,55.1725,HEEDAH,ewan,V,A,i,amelia_vowels.wav,87.27244,88.0325,HOODAH,amelia,V,A,ʊ
stimulus79_A,4.48665682097521,3.48717303745589,381.365829782893,299.896881221206,4.18216844259386,3.64689238010162,338.755643850103,302.692067548435,16.7411771570846,13.1291527489823,1423.00005835219,1115.9779836635,10.8478066899872,9.0011929855699009,900.36795526894,747.099017802302,A,ewan_14,ewan_8,amelia_vowels_15,ewan.wav,40.24068,40.9225,HAEDI,ewan,V,I,æ,ewan.wav,22.3965,23.01587,HADI,ewan,V,I,ɑ,amelia_vowels.wav,37.6934,38.4725,HAEDI,amelia,V,I,æ
stimulus80_A,5.30139107266647,4.06298053366034,440.015459031317,357.54228696211,4.64698498643258,4.77431644557525,385.699753873904,381.94531564602,19.5994373720376,15.5884827142336,1626.75330187912,1356.19799613833,14.1344961223187,11.4607654932482,1173.16317815245,939.782770446356,A,amelia_vowels_33,amelia_vowels_17,ewan_34,amelia_vowels.wav,87.27244,88.0325,HOODAH,amelia,V,A,ʊ,amelia_vowels.wav,44.25247,45.0725,HEEDAH,amelia,V,A,i,ewan.wav,99.9925,100.7325,HOODAH,ewan,V,A,ʊ
stimulus81_A,5.60568984893095,3.87537830462639,470.8779473102,372.036317244134,4.79583988783235,3.87968162779801,374.075511250923,345.291664874023,20.6308130131536,14.1091743330373,1732.9882931049,1340.37156163855,14.2192944096053,8.94712395989206,1123.32425835882,858.923900149637,A,ewan_21,ewan_29,amelia_vowels_22,ewan.wav,60.9271,61.7525,HEEDI,ewan,V,I,i,ewan.wav,85.39155,86.1325,HUHDI,ewan,V,I,ʌ,amelia_vowels.wav,57.64913,58.41293,HEEDI,amelia,V,I,i
stimulus82_B,4.71831000600405,3.87537830462639,410.492970522352,372.036317244134,4.64104687908722,3.87968162779801,385.206890964239,345.291664874023,17.0397305207379,14.1091743330373,1482.4565553042,1340.37156163855,12.2066711841878,8.94712395989206,1013.15370828759,858.923900149637,B,amelia_vowels_22,amelia_vowels_30,ewan_21,amelia_vowels.wav,57.64913,58.41293,HEEDI,amelia,V,I,i,amelia_vowels.wav,79.21868,79.88909,HUHDI,amelia,V,I,ʌ,ewan.wav,60.9271,61.7525,HEEDI,ewan,V,I,i
stimulus83_B,5.04980667238372,3.95044152940679,429.233567152616,327.886646940764,4.70596259230785,4.44356003437991,390.594895161552,368.815482853533,18.998468174259,15.3384007596681,1614.86979481202,1273.08726305245,13.6302532748682,10.8312483699675,1131.31102181406,898.993614707303,B,amelia_vowels_25,amelia_vowels_17,ewan_28,amelia_vowels.wav,66.85124,67.6025,HUHDAH,amelia,V,A,ʌ,amelia_vowels.wav,44.25247,45.0725,HEEDAH,amelia,V,A,i,ewan.wav,81.0625,81.7525,HUHDAH,ewan,V,A,ʌ
stimulus84_A,4.3788278742792,3.95044152940679,398.473336559407,327.886646940764,4.98897842831646,4.44356003437991,404.107252693633,368.815482853533,19.5311263563883,15.3384007596681,1503.8967294419,1273.08726305245,14.2248413877501,10.8312483699675,1152.21215240776,898.993614707303,A,ewan_28,ewan_19,amelia_vowels_25,ewan.wav,81.0625,81.7525,HUHDAH,ewan,V,A,ʌ,ewan.wav,54.4125,55.1725,HEEDAH,ewan,V,A,i,amelia_vowels.wav,66.85124,67.6025,HUHDAH,amelia,V,A,ʌ
stimulus85_A,4.64721236132953,3.69866995004697,390.365838351681,362.469655104604,4.71073651842459,3.65019895541914,390.991131029241,346.768900764819,17.6228925121557,14.4764724569268,1462.70007850892,1346.31193849419,13.4639192173224,9.67149655217452,1117.50529503776,928.463669008754,A,ewan_19,ewan_43,amelia_vowels_17,ewan.wav,54.4125,55.1725,HEEDAH,ewan,V,A,i,ewan.wav,126.2825,127.0125,WHODAH,ewan,V,A,u,amelia_vowels.wav,44.25247,45.0725,HEEDAH,amelia,V,A,i
stimulus86_B,5.25050220975553,3.69866995004697,430.541181199954,362.469655104604,5.06201373759292,3.65019895541914,430.271167695398,346.768900764819,18.3278904852343,14.4764724569268,1502.88701978921,1346.31193849419,13.7679482782881,9.67149655217452,1184.04355193278,928.463669008754,B,amelia_vowels_17,amelia_vowels_41,ewan_19,amelia_vowels.wav,44.25247,45.0725,HEEDAH,amelia,V,A,i,amelia_vowels.wav,107.22875,107.96148,WHODAH,amelia,V,A,u,ewan.wav,54.4125,55.1725,HEEDAH,ewan,V,A,i
stimulus87_B,4.59307019583023,4.18237789471523,404.19017723306,368.04925473494,4.69428418639005,4.37135386695183,399.014155843155,380.307786424809,16.6558364383703,15.1472904422494,1465.71360657658,1332.96155891795,13.078358214918,9.75093569430409,1072.42537362328,848.331405404456,B,amelia_vowels_48,amelia_vowels_22,ewan_46,amelia_vowels.wav,123.87499,124.5925,WHODI,amelia,V,I,u,amelia_vowels.wav,57.64913,58.41293,HEEDI,amelia,V,I,i,ewan.wav,134.9925,135.7425,WHODI,ewan,V,I,u
stimulus88_A,4.49608017112482,4.18237789471523,409.143295572358,368.04925473494,4.36875747079366,4.37135386695183,388.819414900636,380.307786424809,16.1920450383012,15.1472904422494,1473.47609848541,1332.96155891795,10.3204288688742,9.75093569430409,980.440742543053,848.331405404456,A,ewan_46,ewan_21,amelia_vowels_48,ewan.wav,134.9925,135.7425,WHODI,ewan,V,I,u,ewan.wav,60.9271,61.7525,HEEDI,ewan,V,I,i,amelia_vowels.wav,123.87499,124.5925,WHODI,amelia,V,I,u
stimulus89_A,3.7896866837052,4.06298053366034,329.702741482353,357.54228696211,4.45241793123959,4.77431644557525,342.836180705449,381.94531564602,14.4801475721764,15.5884827142336,1259.77283877935,1356.19799613833,10.5390145829327,11.4607654932482,853.660181217551,939.782770446356,A,amelia_vowels_33,amelia_vowels_25,ewan_34,amelia_vowels.wav,87.27244,88.0325,HOODAH,amelia,V,A,ʊ,amelia_vowels.wav,66.85124,67.6025,HUHDAH,amelia,V,A,ʌ,ewan.wav,99.9925,100.7325,HOODAH,ewan,V,A,ʊ
stimulus90_A,5.66724627360785,4.02666354547166,515.719410898314,394.613027456223,5.12244747009591,4.08076040262413,461.020272308632,387.672238249292,21.0034221477512,15.2288894501391,1911.31141544536,1492.43116611363,16.0812681628122,10.939437399031,1447.3141346531,1039.24655290795,A,amelia_vowels_1,amelia_vowels_17,ewan_2,amelia_vowels.wav,2.19827,2.9625,HADAH,amelia,V,A,ɑ,amelia_vowels.wav,44.25247,45.0725,HEEDAH,amelia,V,A,i,ewan.wav,6.19383,7.0825,HADAH,ewan,V,A,ɑ
stimulus91_B,4.83820054077747,3.9664110973132,420.92344704764,325.245709979682,4.91191063174911,4.24074807313773,397.864761171678,322.296853558468,17.9271058311634,14.754922362714,1559.65820731121,1224.65855610526,11.327596738206,10.6179828768912,974.173319485718,796.348715766843,B,ewan_37,ewan_29,amelia_vowels_39,ewan.wav,109.0925,109.8025,HOODI,ewan,V,I,ʊ,ewan.wav,85.39155,86.1325,HUHDI,ewan,V,I,ʌ,amelia_vowels.wav,101.46732,102.16942,HOODI,amelia,V,I,ʊ
stimulus92_B,4.83820054077747,3.99646613438102,420.92344704764,307.727892347338,4.91191063174911,4.40234221387449,397.864761171678,334.578008254461,17.9271058311634,14.8686601302395,1559.65820731121,1144.88683002844,11.327596738206,10.4906071137096,974.173319485718,807.77674775564,B,amelia_vowels_30,amelia_vowels_39,ewan_29,amelia_vowels.wav,79.21868,79.88909,HUHDI,amelia,V,I,ʌ,amelia_vowels.wav,101.46732,102.16942,HOODI,amelia,V,I,ʊ,ewan.wav,85.39155,86.1325,HUHDI,ewan,V,I,ʌ
stimulus93_A,3.7896866837052,3.95044152940679,329.702741482353,327.886646940764,4.45241793123959,4.44356003437991,342.836180705449,368.815482853533,14.4801475721764,15.3384007596681,1259.77283877935,1273.08726305245,10.5390145829327,10.8312483699675,853.660181217551,898.993614707303,A,ewan_28,ewan_34,amelia_vowels_25,ewan.wav,81.0625,81.7525,HUHDAH,ewan,V,A,ʌ,ewan.wav,99.9925,100.7325,HOODAH,ewan,V,A,ʊ,amelia_vowels.wav,66.85124,67.6025,HUHDAH,amelia,V,A,ʌ
stimulus94_A,3.74762928605837,4.06298053366034,326.043747887078,357.54228696211,4.99419323851557,4.77431644557525,389.547072604215,381.94531564602,14.6961200198364,15.5884827142336,1263.86632170593,1356.19799613833,11.870947999292,11.4607654932482,961.546787942649,939.782770446356,A,ewan_34,ewan_43,amelia_vowels_33,ewan.wav,99.9925,100.7325,HOODAH,ewan,V,A,ʊ,ewan.wav,126.2825,127.0125,WHODAH,ewan,V,A,u,amelia_vowels.wav,87.27244,88.0325,HOODAH,amelia,V,A,ʊ
stimulus95_B,4.95550523121399,4.06298053366034,376.618397572263,357.54228696211,5.2302885656825,4.77431644557525,392.271642426187,381.94531564602,17.6028784920561,15.5884827142336,1373.02452238038,1356.19799613833,11.3301628986247,11.4607654932482,929.073357687226,939.782770446356,B,amelia_vowels_33,amelia_vowels_41,ewan_34,amelia_vowels.wav,87.27244,88.0325,HOODAH,amelia,V,A,ʊ,amelia_vowels.wav,107.22875,107.96148,WHODAH,amelia,V,A,u,ewan.wav,99.9925,100.7325,HOODAH,ewan,V,A,ʊ
stimulus96_B,4.01666931311462,4.18237789471523,365.51690749343,368.04925473494,4.84126761805396,4.37135386695183,367.936338972101,380.307786424809,14.8349619798799,15.1472904422494,1364.81650214895,1332.96155891795,11.7055573880104,9.75093569430409,901.327918876803,848.331405404456,B,amelia_vowels_48,amelia_vowels_39,ewan_46,amelia_vowels.wav,123.87499,124.5925,WHODI,amelia,V,I,u,amelia_vowels.wav,101.46732,102.16942,HOODI,amelia,V,I,ʊ,ewan.wav,134.9925,135.7425,WHODI,ewan,V,I,u
stimulus97_A,4.61092414612699,4.18237789471523,368.873931690159,368.04925473494,4.58098017202898,4.37135386695183,352.735473246231,380.307786424809,16.8676660746723,15.1472904422494,1332.54561989911,1332.96155891795,10.966984855877,9.75093569430409,833.490849046649,848.331405404456,A,ewan_46,ewan_37,amelia_vowels_48,ewan.wav,134.9925,135.7425,WHODI,ewan,V,I,u,ewan.wav,109.0925,109.8025,HOODI,ewan,V,I,ʊ,amelia_vowels.wav,123.87499,124.5925,WHODI,amelia,V,I,u
stimulus98_A,3.74762928605837,4.06298053366034,326.043747887078,357.54228696211,4.99419323851557,4.77431644557525,389.547072604215,381.94531564602,14.6961200198364,15.5884827142336,1263.86632170593,1356.19799613833,11.870947999292,11.4607654932482,961.546787942649,939.782770446356,A,ewan_34,ewan_43,amelia_vowels_33,ewan.wav,99.9925,100.7325,HOODAH,ewan,V,A,ʊ,ewan.wav,126.2825,127.0125,WHODAH,ewan,V,A,u,amelia_vowels.wav,87.27244,88.0325,HOODAH,amelia,V,A,ʊ
stimulus99_B,4.61092414612699,3.9664110973132,368.873931690159,325.245709979682,4.58098017202898,4.24074807313773,352.735473246231,322.296853558468,16.8676660746723,14.754922362714,1332.54561989911,1224.65855610526,10.966984855877,10.6179828768912,833.490849046649,796.348715766843,B,amelia_vowels_39,amelia_vowels_48,ewan_37,amelia_vowels.wav,101.46732,102.16942,HOODI,amelia,V,I,ʊ,amelia_vowels.wav,123.87499,124.5925,WHODI,amelia,V,I,u,ewan.wav,109.0925,109.8025,HOODI,ewan,V,I,ʊ
stimulus100_B,4.61092414612699,4.18237789471523,368.873931690159,368.04925473494,4.58098017202898,4.37135386695183,352.735473246231,380.307786424809,16.8676660746723,15.1472904422494,1332.54561989911,1332.96155891795,10.966984855877,9.75093569430409,833.490849046649,848.331405404456,B,ewan_46,ewan_37,amelia_vowels_48,ewan.wav,134.9925,135.7425,WHODI,ewan,V,I,u,ewan.wav,109.0925,109.8025,HOODI,ewan,V,I,ʊ,amelia_vowels.wav,123.87499,124.5925,WHODI,amelia,V,I,u
stimulus101_B,4.43502847172036,4.95926823694916,376.977420096231,376.904386008136,4.47735558605345,4.24158644606135,371.620513642436,318.118983454601,15.7583063875893,18.4878260846476,1355.21434933268,1405.07478243322,12.4883248047727,11.2910784776832,1036.53095879614,846.830885826241,B,ewan_8,ewan_21,amelia_vowels_5,ewan.wav,22.3965,23.01587,HADI,ewan,V,I,ɑ,ewan.wav,60.9271,61.7525,HEEDI,ewan,V,I,i,amelia_vowels.wav,12.5659,13.30968,HADI,amelia,V,I,ɑ
stimulus102_A,3.74762928605837,3.79074348909074,326.043747887078,322.213196572713,4.99419323851557,5.4042412931454,389.547072604215,399.91385569276,14.6961200198364,14.5885692172818,1263.86632170593,1240.02838346895,11.870947999292,10.6753322185535,961.546787942649,907.403238577051,A,amelia_vowels_41,amelia_vowels_33,ewan_43,amelia_vowels.wav,107.22875,107.96148,WHODAH,amelia,V,A,u,amelia_vowels.wav,87.27244,88.0325,HOODAH,amelia,V,A,ʊ,ewan.wav,126.2825,127.0125,WHODAH,ewan,V,A,u
stimulus103_A,4.9618524217251,3.90007214571073,337.405964677307,292.505410928305,3.91054693341285,3.47514441261767,265.917191472074,257.160686533707,17.8854569417528,14.1498911431995,1234.09652898094,1061.24183573996,10.7007489138852,8.48489623049818,727.650926144194,636.367217287363,A,amelia_consonants_31,amelia_consonants_23,ewan_80,amelia_consonants.wav,82.6725,83.39679,EEFEE,amelia,C,I,f,amelia_consonants.wav,61.4825,62.1525,EEKEE,amelia,C,I,k,ewan.wav,235.6825,236.2625,EEFEE,ewan,C,I,f
stimulus104_B,4.19808881569357,3.56049319531157,293.86621709855,245.674030476499,3.73027417280779,4.24981113527294,249.928369578122,284.737346063287,15.8559752563938,13.3091102770451,1094.06229269117,918.32860911611,9.67243884910043,9.91007162511971,648.053402889729,673.88487050814,B,ewan_76,ewan_68,amelia_consonants_27,ewan.wav,224.3325,224.8825,AFAH,ewan,C,A,f,ewan.wav,201.2425,201.7625,AKAH,ewan,C,A,k,amelia_consonants.wav,72.1025,72.7625,AFAH,amelia,C,A,f
stimulus105_B,4.9618524217251,4.11275680341429,337.405964677307,279.667462632172,3.91054693341285,3.42602549013817,265.917191472074,232.969733329395,17.8854569417528,14.7573219204716,1234.09652898094,1003.49789059207,10.7007489138852,8.94944648578029,727.650926144194,608.56236103306,B,ewan_71,ewan_80,amelia_consonants_23,ewan.wav,210.7425,211.2825,EEKEE,ewan,C,I,k,ewan.wav,235.6825,236.2625,EEFEE,ewan,C,I,f,amelia_consonants.wav,61.4825,62.1525,EEKEE,amelia,C,I,k
stimulus106_A,4.19808881569357,4.55842086703049,293.86621709855,305.414198091043,3.73027417280779,3.94648174249628,249.928369578122,260.467795004755,15.8559752563938,16.6591845234018,1094.06229269117,1116.16536306792,9.67243884910043,10.0808408445777,648.053402889729,645.173814052974,A,amelia_consonants_20,amelia_consonants_27,ewan_68,amelia_consonants.wav,53.0271,53.6525,AKAH,amelia,C,A,k,amelia_consonants.wav,72.1025,72.7625,AFAH,amelia,C,A,f,ewan.wav,201.2425,201.7625,AKAH,ewan,C,A,k
stimulus107_A,4.94042624950302,3.90007214571073,380.412821211733,292.505410928305,4.0682447034001,3.47514441261767,301.050108051608,257.160686533707,18.1078314382289,14.1498911431995,1376.1951893054,1061.24183573996,10.4832150180025,8.48489623049818,775.757911332188,636.367217287363,A,ewan_80,ewan_56,amelia_consonants_31,ewan.wav,235.6825,236.2625,EEFEE,ewan,C,I,f,ewan.wav,168.7025,169.3025,EEPEE,ewan,C,I,p,amelia_consonants.wav,82.6725,83.39679,EEFEE,amelia,C,I,f
stimulus108_B,4.84704820403342,3.90007214571073,305.364036854106,292.505410928305,4.26885643452866,3.47514441261767,251.862529637191,257.160686533707,17.8769229743852,14.1498911431995,1108.36922441188,1061.24183573996,11.1980495322663,8.48489623049818,671.882971935981,636.367217287363,B,amelia_consonants_31,amelia_consonants_7,ewan_80,amelia_consonants.wav,82.6725,83.39679,EEFEE,amelia,C,I,f,amelia_consonants.wav,17.98056,18.54394,EEPEE,amelia,C,I,p,ewan.wav,235.6825,236.2625,EEFEE,ewan,C,I,f
stimulus109_B,4.82418656383192,4.01669947148956,318.396313212907,265.102165118311,4.36672983472292,4.8822503414671,275.103979587544,307.581771512427,16.7332378559097,14.8083061718698,1104.39369849004,977.348207343409,11.5958912123835,10.7972105135754,730.54114638016,712.615893895977,B,ewan_50,ewan_76,amelia_consonants_3,ewan.wav,152.8525,153.4425,APAH,ewan,C,A,p,ewan.wav,224.3325,224.8825,AFAH,ewan,C,A,f,amelia_consonants.wav,7.31359,7.93251,APAH,amelia,C,A,p
stimulus110_A,4.6540653447246,4.01669947148956,316.476443441273,265.102165118311,4.91091378078977,4.8822503414671,329.031223312915,307.581771512427,18.0468746251108,14.8083061718698,1227.18747450753,977.348207343409,11.921549280855,10.7972105135754,810.665351098139,712.615893895977,A,amelia_consonants_3,amelia_consonants_27,ewan_50,amelia_consonants.wav,7.31359,7.93251,APAH,amelia,C,A,p,amelia_consonants.wav,72.1025,72.7625,AFAH,amelia,C,A,f,ewan.wav,152.8525,153.4425,APAH,ewan,C,A,p
stimulus111_A,4.92870437690295,3.56049319531157,340.080602006303,245.674030476499,4.00506866886298,4.24981113527294,276.349738151546,284.737346063287,18.1835823156745,13.3091102770451,1254.66717978154,918.32860911611,10.0610217870015,9.91007162511971,704.271525090106,673.88487050814,A,ewan_76,ewan_92,amelia_consonants_27,ewan.wav,224.3325,224.8825,AFAH,ewan,C,A,f,ewan.wav,266.7625,267.2825,ASHAH,ewan,C,A,ʃ,amelia_consonants.wav,72.1025,72.7625,AFAH,amelia,C,A,f
stimulus112_B,5.66724627360785,3.69866995004697,515.719410898314,362.469655104604,5.12244747009591,3.65019895541914,461.020272308632,346.768900764819,21.0034221477512,14.4764724569268,1911.31141544536,1346.31193849419,16.0812681628122,9.67149655217452,1447.3141346531,928.463669008754,B,ewan_19,ewan_2,amelia_vowels_17,ewan.wav,54.4125,55.1725,HEEDAH,ewan,V,A,i,ewan.wav,6.19383,7.0825,HADAH,ewan,V,A,ɑ,amelia_vowels.wav,44.25247,45.0725,HEEDAH,amelia,V,A,i
stimulus113_B,4.12498617799306,3.56049319531157,301.123990993493,245.674030476499,4.23990567112991,4.24981113527294,309.513113992483,284.737346063287,14.6494194875915,13.3091102770451,1069.40762259418,918.32860911611,11.4009389623174,9.91007162511971,820.867605286854,673.88487050814,B,amelia_consonants_27,amelia_consonants_42,ewan_76,amelia_consonants.wav,72.1025,72.7625,AFAH,amelia,C,A,f,amelia_consonants.wav,112.2325,112.9325,ASHAH,amelia,C,A,ʃ,ewan.wav,224.3325,224.8825,AFAH,ewan,C,A,f
stimulus114_B,5.49722249408197,4.14474670545948,412.291687056148,319.14549632038,3.99761783596318,3.22669150398718,295.823719861275,242.001862799038,19.0738949209011,14.5940028095793,1468.68990890939,1123.73821633761,10.2847336518274,7.48461333335758,791.924491190712,568.830613335176,B,amelia_consonants_46,amelia_consonants_31,ewan_96,amelia_consonants.wav,121.8625,122.6025,EESHEE,amelia,C,I,ʃ,amelia_consonants.wav,82.6725,83.39679,EEFEE,amelia,C,I,f,ewan.wav,276.7625,277.3325,EESHEE,ewan,C,I,ʃ
stimulus115_A,4.24421918332909,4.14474670545948,322.560657933011,319.14549632038,3.40387116413623,3.22669150398718,258.694208474353,242.001862799038,14.4575546484593,14.5940028095793,1098.77415328291,1123.73821633761,9.5361437145156,7.48461333335758,715.21077858867,568.830613335176,A,ewan_96,ewan_80,amelia_consonants_46,ewan.wav,276.7625,277.3325,EESHEE,ewan,C,I,ʃ,ewan.wav,235.6825,236.2625,EEFEE,ewan,C,I,f,amelia_consonants.wav,121.8625,122.6025,EESHEE,amelia,C,I,ʃ
stimulus116_A,4.67050184479119,3.90007214571073,354.95814020413,292.505410928305,3.75869678164768,3.47514441261767,285.660955405224,257.160686533707,16.2196828971872,14.1498911431995,1248.91558308341,1061.24183573996,9.96039005770567,8.48489623049818,766.950034443336,636.367217287363,A,ewan_80,ewan_87,amelia_consonants_31,ewan.wav,235.6825,236.2625,EEFEE,ewan,C,I,f,ewan.wav,254.4625,255.0425,EESSEE,ewan,C,I,s,amelia_consonants.wav,82.6725,83.39679,EEFEE,amelia,C,I,f
stimulus117_B,4.34851353336926,3.56049319531157,343.532569136172,245.674030476499,4.53379229920094,4.24981113527294,349.102007038473,284.737346063287,16.0473798462929,13.3091102770451,1267.74300785714,918.32860911611,11.6129972809391,9.91007162511971,894.200790632309,673.88487050814,B,amelia_consonants_27,amelia_consonants_34,ewan_76,amelia_consonants.wav,72.1025,72.7625,AFAH,amelia,C,A,f,amelia_consonants.wav,91.35499,92.1125,ASSAH,amelia,C,A,s,ewan.wav,224.3325,224.8825,AFAH,ewan,C,A,f
stimulus118_B,4.67050184479119,4.12817844946046,354.95814020413,288.97249146223203,3.75869678164768,3.6727697583545,285.660955405224,253.42111332646,16.2196828971872,15.1485003932378,1248.91558308341,1060.39502752664,9.96039005770567,8.61452101238219,766.950034443336,603.016470866754,B,amelia_consonants_38,amelia_consonants_31,ewan_87,amelia_consonants.wav,101.9725,102.63328,EESSEE,amelia,C,I,s,amelia_consonants.wav,82.6725,83.39679,EEFEE,amelia,C,I,f,ewan.wav,254.4625,255.0425,EESSEE,ewan,C,I,s
stimulus119_A,4.34851353336926,4.58066385646578,343.532569136172,366.453108517263,4.53379229920094,4.50512958002086,349.102007038473,346.894977661606,16.0473798462929,16.8691239178949,1267.74300785714,1349.52991343159,11.6129972809391,11.0236757260067,894.200790632309,848.823030902515,A,ewan_83,ewan_76,amelia_consonants_34,ewan.wav,244.4025,244.9725,ASSAH,ewan,C,A,s,ewan.wav,224.3325,224.8825,AFAH,ewan,C,A,f,amelia_consonants.wav,91.35499,92.1125,ASSAH,amelia,C,A,s
stimulus120_A,3.53575376643563,3.56049319531157,261.645778716237,245.674030476499,4.03779235193944,4.24981113527294,290.72104933964,284.737346063287,13.0723483247762,13.3091102770451,967.353776033437,918.32860911611,9.79043182255026,9.91007162511971,714.701523046169,673.88487050814,A,amelia_consonants_27,amelia_consonants_49,ewan_76,amelia_consonants.wav,72.1025,72.7625,AFAH,amelia,C,A,f,amelia_consonants.wav,129.9825,130.6925,ATHAH,amelia,C,A,θ,ewan.wav,224.3325,224.8825,AFAH,ewan,C,A,f
stimulus121_B,4.3152203002433,3.56049319531157,289.119760116301,245.674030476499,4.10390594565974,4.24981113527294,274.961698359202,284.737346063287,16.3144417399582,13.3091102770451,1093.0675965772,918.32860911611,10.416784873647,9.91007162511971,697.924586534349,673.88487050814,B,ewan_76,ewan_97,amelia_consonants_27,ewan.wav,224.3325,224.8825,AFAH,ewan,C,A,f,ewan.wav,279.7725,280.3225,ATHAH,ewan,C,A,θ,amelia_consonants.wav,72.1025,72.7625,AFAH,amelia,C,A,f
stimulus122_B,4.68515242019291,4.31714265346246,346.701279094276,345.371412276997,4.04668270699747,3.46955165020869,299.454520317813,274.094580366487,15.9350543520168,15.629286450248,1226.99918510529,1250.34291601984,9.28099188400441,8.50808189583447,714.636375068339,663.630387875089,B,amelia_consonants_55,amelia_consonants_31,ewan_101,amelia_consonants.wav,145.1325,145.8925,EETHEE,amelia,C,I,θ,amelia_consonants.wav,82.6725,83.39679,EEFEE,amelia,C,I,f,ewan.wav,290.0925,290.7225,EETHEE,ewan,C,I,θ
stimulus123_A,4.43502847172036,3.87537830462639,376.977420096231,372.036317244134,4.47735558605345,3.87968162779801,371.620513642436,345.291664874023,15.7583063875893,14.1091743330373,1355.21434933268,1340.37156163855,12.4883248047727,8.94712395989206,1036.53095879614,858.923900149637,A,amelia_vowels_22,amelia_vowels_5,ewan_21,amelia_vowels.wav,57.64913,58.41293,HEEDI,amelia,V,I,i,amelia_vowels.wav,12.5659,13.30968,HADI,amelia,V,I,ɑ,ewan.wav,60.9271,61.7525,HEEDI,ewan,V,I,i
stimulus124_A,3.96510067517072,4.31714265346246,309.277852663316,345.371412276997,3.38528099522699,3.46955165020869,260.666636632478,274.094580366487,14.7990072737207,15.629286450248,1139.5235600765,1250.34291601984,9.12721021965706,8.50808189583447,702.795186913594,663.630387875089,A,ewan_101,ewan_80,amelia_consonants_55,ewan.wav,290.0925,290.7225,EETHEE,ewan,C,I,θ,ewan.wav,235.6825,236.2625,EEFEE,ewan,C,I,f,amelia_consonants.wav,145.1325,145.8925,EETHEE,amelia,C,I,θ
stimulus125_A,4.45397207475953,3.90007214571073,334.047905606965,292.505410928305,3.75413161617826,3.47514441261767,281.55987121337,257.160686533707,15.7626171826379,14.1498911431995,1197.95890588048,1061.24183573996,9.52545088940519,8.48489623049818,714.408816705389,636.367217287363,A,ewan_80,ewan_62,amelia_consonants_31,ewan.wav,235.6825,236.2625,EEFEE,ewan,C,I,f,ewan.wav,185.2225,185.7725,EETEE,ewan,C,I,t,amelia_consonants.wav,82.6725,83.39679,EEFEE,amelia,C,I,f
stimulus126_B,5.27032972778083,3.90007214571073,332.030772850192,292.505410928305,4.13806171230808,3.47514441261767,256.559826163101,257.160686533707,18.8976187862848,14.1498911431995,1171.65236474966,1061.24183573996,10.9512817635178,8.48489623049818,678.979469338104,636.367217287363,B,amelia_consonants_31,amelia_consonants_14,ewan_80,amelia_consonants.wav,82.6725,83.39679,EEFEE,amelia,C,I,f,amelia_consonants.wav,36.60264,37.21308,EETEE,amelia,C,I,t,ewan.wav,235.6825,236.2625,EEFEE,ewan,C,I,f
stimulus127_B,4.46101769870321,4.42071027583906,303.349203511818,282.9254576537,4.65108358934467,4.72243690618866,311.622600486093,302.235961996074,16.730115726076,16.2997904124523,1137.64786937317,1059.4863768094,10.9724411383059,11.3545630419892,757.098438543109,726.692034687311,B,amelia_consonants_9,amelia_consonants_27,ewan_59,amelia_consonants.wav,23.47667,24.1025,ATAH,amelia,C,A,t,amelia_consonants.wav,72.1025,72.7625,AFAH,amelia,C,A,f,ewan.wav,177.0325,177.5625,ATAH,ewan,C,A,t
stimulus128_A,4.931355614227,4.42071027583906,325.469470538982,282.9254576537,4.79461879513725,4.72243690618866,302.060984093647,302.235961996074,17.5262898666443,16.2997904124523,1156.73513119852,1059.4863768094,12.4033708640591,11.3545630419892,781.412364435725,726.692034687311,A,ewan_59,ewan_76,amelia_consonants_9,ewan.wav,177.0325,177.5625,ATAH,ewan,C,A,t,ewan.wav,224.3325,224.8825,AFAH,ewan,C,A,f,amelia_consonants.wav,23.47667,24.1025,ATAH,amelia,C,A,t
stimulus129_A,4.85998935945358,4.11275680341429,335.339265802297,279.667462632172,4.05337553908388,3.42602549013817,275.629536657704,232.969733329395,17.5781409033993,14.7573219204716,1212.89172233455,1003.49789059207,10.7403433730469,8.94944648578029,741.083692740239,608.56236103306,A,ewan_71,ewan_56,amelia_consonants_23,ewan.wav,210.7425,211.2825,EEKEE,ewan,C,I,k,ewan.wav,168.7025,169.3025,EEPEE,ewan,C,I,p,amelia_consonants.wav,61.4825,62.1525,EEKEE,amelia,C,I,k
stimulus130_B,4.90969222579509,4.55842086703049,333.859071354066,305.414198091043,5.52672677265288,3.94648174249628,359.237240222437,260.467795004755,18.0439165552814,16.6591845234018,1245.03024231441,1116.16536306792,13.0418624856543,10.0808408445777,886.846649024494,645.173814052974,B,ewan_68,ewan_50,amelia_consonants_20,ewan.wav,201.2425,201.7625,AKAH,ewan,C,A,k,ewan.wav,152.8525,153.4425,APAH,ewan,C,A,p,amelia_consonants.wav,53.0271,53.6525,AKAH,amelia,C,A,k
stimulus131_B,4.85998935945358,4.48806656717853,335.339265802297,287.236260299426,4.05337553908388,4.06553726026763,275.629536657704,256.128847396861,17.5781409033993,16.7378153277514,1212.89172233455,1037.74455032059,10.7403433730469,9.9461131381046,741.083692740239,636.551240838694,B,amelia_consonants_7,amelia_consonants_23,ewan_56,amelia_consonants.wav,17.98056,18.54394,EEPEE,amelia,C,I,p,amelia_consonants.wav,61.4825,62.1525,EEKEE,amelia,C,I,k,ewan.wav,168.7025,169.3025,EEPEE,ewan,C,I,p
stimulus132_A,4.90969222579509,4.01669947148956,333.859071354066,265.102165118311,5.52672677265288,4.8822503414671,359.237240222437,307.581771512427,18.0439165552814,14.8083061718698,1245.03024231441,977.348207343409,13.0418624856543,10.7972105135754,886.846649024494,712.615893895977,A,amelia_consonants_3,amelia_consonants_20,ewan_50,amelia_consonants.wav,7.31359,7.93251,APAH,amelia,C,A,p,amelia_consonants.wav,53.0271,53.6525,AKAH,amelia,C,A,k,ewan.wav,152.8525,153.4425,APAH,ewan,C,A,p
stimulus133_A,4.60941233090876,4.11275680341429,350.315337149066,279.667462632172,3.61620617586521,3.42602549013817,271.215463189891,232.969733329395,15.492404034098,14.7573219204716,1177.42270659145,1003.49789059207,10.5854990629712,8.94944648578029,793.912429722837,608.56236103306,A,amelia_consonants_23,amelia_consonants_46,ewan_71,amelia_consonants.wav,61.4825,62.1525,EEKEE,amelia,C,I,k,amelia_consonants.wav,121.8625,122.6025,EESHEE,amelia,C,I,ʃ,ewan.wav,210.7425,211.2825,EEKEE,ewan,C,I,k
stimulus134_A,4.22072288459533,4.95926823694916,337.657830767626,376.904386008136,4.08333256610454,4.24158644606135,322.583272722259,318.118983454601,15.1675685200922,18.4878260846476,1213.40548160737,1405.07478243322,10.3980403513089,11.2910784776832,831.843228104708,846.830885826241,A,ewan_8,ewan_37,amelia_vowels_5,ewan.wav,22.3965,23.01587,HADI,ewan,V,I,ɑ,ewan.wav,109.0925,109.8025,HOODI,ewan,V,I,ʊ,amelia_vowels.wav,12.5659,13.30968,HADI,amelia,V,I,ɑ
stimulus135_B,6.43990422070635,4.11275680341429,444.353391228738,279.667462632172,4.16230383122121,3.42602549013817,287.198964354263,232.969733329395,23.2935182875366,14.7573219204716,1607.25276184002,1003.49789059207,11.2202605255583,8.94944648578029,841.519539416869,608.56236103306,B,ewan_71,ewan_96,amelia_consonants_23,ewan.wav,210.7425,211.2825,EEKEE,ewan,C,I,k,ewan.wav,276.7625,277.3325,EESHEE,ewan,C,I,ʃ,amelia_consonants.wav,61.4825,62.1525,EEKEE,amelia,C,I,k
stimulus136_B,6.50045054994797,3.76222484920206,429.029736296566,267.117964293346,4.83891526902086,3.70289034107935,304.851661948314,262.905214216634,23.2032978298111,14.1573448789912,1554.62095459734,1005.17148640837,14.1396845161351,8.99329123974035,890.800124516512,638.523678021565,B,amelia_consonants_42,amelia_consonants_20,ewan_92,amelia_consonants.wav,112.2325,112.9325,ASHAH,amelia,C,A,ʃ,amelia_consonants.wav,53.0271,53.6525,AKAH,amelia,C,A,k,ewan.wav,266.7625,267.2825,ASHAH,ewan,C,A,ʃ
stimulus137_A,4.68007921470597,3.76222484920206,341.645782673536,267.117964293346,3.86749955321517,3.70289034107935,274.592468278277,262.905214216634,17.2357182963343,14.1573448789912,1240.97171733607,1005.17148640837,10.91878613261,8.99329123974035,775.233815415312,638.523678021565,A,ewan_92,ewan_68,amelia_consonants_42,ewan.wav,266.7625,267.2825,ASHAH,ewan,C,A,ʃ,ewan.wav,201.2425,201.7625,AKAH,ewan,C,A,k,amelia_consonants.wav,112.2325,112.9325,ASHAH,amelia,C,A,ʃ
stimulus138_A,4.1993265298096,4.11275680341429,298.152183616481,279.667462632172,3.799940275627,3.42602549013817,262.195879018263,232.969733329395,14.5272721284347,14.7573219204716,1045.9635932473,1003.49789059207,9.94703289003056,8.94944648578029,686.345269412109,608.56236103306,A,amelia_consonants_23,amelia_consonants_38,ewan_71,amelia_consonants.wav,61.4825,62.1525,EEKEE,amelia,C,I,k,amelia_consonants.wav,101.9725,102.63328,EESSEE,amelia,C,I,s,ewan.wav,210.7425,211.2825,EEKEE,ewan,C,I,k
stimulus139_B,5.59484215891698,4.11275680341429,386.044108965272,279.667462632172,4.04369233924055,3.42602549013817,279.014771407598,232.969733329395,19.9346902554088,14.7573219204716,1375.4936276232,1003.49789059207,11.1471874508642,8.94944648578029,769.155934109633,608.56236103306,B,ewan_71,ewan_87,amelia_consonants_23,ewan.wav,210.7425,211.2825,EEKEE,ewan,C,I,k,ewan.wav,254.4625,255.0425,EESSEE,ewan,C,I,s,amelia_consonants.wav,61.4825,62.1525,EEKEE,amelia,C,I,k
stimulus140_B,6.29026917387966,4.58066385646578,434.028572997696,366.453108517263,5.08300976501805,4.50512958002086,320.229615196137,346.894977661606,21.6656722433784,16.8691239178949,1516.59705703649,1349.52991343159,13.5256626002842,11.0236757260067,879.16806901847,848.823030902515,B,amelia_consonants_34,amelia_consonants_20,ewan_83,amelia_consonants.wav,91.35499,92.1125,ASSAH,amelia,C,A,s,amelia_consonants.wav,53.0271,53.6525,AKAH,amelia,C,A,k,ewan.wav,244.4025,244.9725,ASSAH,ewan,C,A,s
stimulus141_A,4.827357620928,4.58066385646578,386.18860967424,366.453108517263,4.14313735613217,4.50512958002086,319.021576422177,346.894977661606,17.7786470949564,16.8691239178949,1404.51312050156,1349.52991343159,11.1464200899709,11.0236757260067,858.274346927763,848.823030902515,A,ewan_83,ewan_68,amelia_consonants_34,ewan.wav,244.4025,244.9725,ASSAH,ewan,C,A,s,ewan.wav,201.2425,201.7625,AKAH,ewan,C,A,k,amelia_consonants.wav,91.35499,92.1125,ASSAH,amelia,C,A,s
stimulus142_A,4.15726210191474,4.55842086703049,320.109181847435,305.414198091043,3.69270327799411,3.94648174249628,265.874636015576,260.467795004755,15.8859735476733,16.6591845234018,1191.4480160755,1116.16536306792,10.2682200549327,10.0808408445777,739.311843955152,645.173814052974,A,amelia_consonants_20,amelia_consonants_49,ewan_68,amelia_consonants.wav,53.0271,53.6525,AKAH,amelia,C,A,k,amelia_consonants.wav,129.9825,130.6925,ATHAH,amelia,C,A,θ,ewan.wav,201.2425,201.7625,AKAH,ewan,C,A,k
stimulus143_B,5.68390572461508,4.55842086703049,375.137777824595,305.414198091043,4.8319721027675,3.94648174249628,304.414242474352,260.467795004755,20.368050232428,16.6591845234018,1364.65936557268,1116.16536306792,13.2496206997055,10.0808408445777,834.726104081444,645.173814052974,B,ewan_68,ewan_97,amelia_consonants_20,ewan.wav,201.2425,201.7625,AKAH,ewan,C,A,k,ewan.wav,279.7725,280.3225,ATHAH,ewan,C,A,θ,amelia_consonants.wav,53.0271,53.6525,AKAH,amelia,C,A,k
stimulus144_B,4.42052147925254,4.31714265346246,344.800675381698,345.371412276997,3.71138120918304,3.46955165020869,285.776353107094,274.094580366487,15.6492120374386,15.629286450248,1220.63853892021,1250.34291601984,9.77370038823806,8.50808189583447,752.574929894331,663.630387875089,B,ewan_101,ewan_71,amelia_consonants_55,ewan.wav,290.0925,290.7225,EETHEE,ewan,C,I,θ,ewan.wav,210.7425,211.2825,EEKEE,ewan,C,I,k,amelia_consonants.wav,145.1325,145.8925,EETHEE,amelia,C,I,θ
